dt_index,id,id_str,full_text,truncated,display_text_range,source,in_reply_to_status_id,in_reply_to_status_id_str,in_reply_to_user_id,in_reply_to_user_id_str,in_reply_to_screen_name,geo,coordinates,place,contributors,is_quote_status,retweet_count,favorite_count,favorited,retweeted,possibly_sensitive,lang,entities.hashtags,entities.symbols,entities.user_mentions,entities.urls,entities.media,extended_entities.media,metadata.iso_language_code,metadata.result_type,user.id,user.id_str,user.name,user.screen_name,user.location,user.description,user.url,user.entities.description.urls,user.protected,user.followers_count,user.friends_count,user.listed_count,user.created_at,user.favourites_count,user.utc_offset,user.time_zone,user.geo_enabled,user.verified,user.statuses_count,user.lang,user.contributors_enabled,user.is_translator,user.is_translation_enabled,user.profile_background_color,user.profile_background_image_url,user.profile_background_image_url_https,user.profile_background_tile,user.profile_image_url,user.profile_image_url_https,user.profile_link_color,user.profile_sidebar_border_color,user.profile_sidebar_fill_color,user.profile_text_color,user.profile_use_background_image,user.has_extended_profile,user.default_profile,user.default_profile_image,user.following,user.follow_request_sent,user.notifications,user.translator_type,user.profile_banner_url,retweeted_status.created_at,retweeted_status.id,retweeted_status.id_str,retweeted_status.full_text,retweeted_status.truncated,retweeted_status.display_text_range,retweeted_status.entities.hashtags,retweeted_status.entities.symbols,retweeted_status.entities.user_mentions,retweeted_status.entities.urls,retweeted_status.metadata.iso_language_code,retweeted_status.metadata.result_type,retweeted_status.source,retweeted_status.in_reply_to_status_id,retweeted_status.in_reply_to_status_id_str,retweeted_status.in_reply_to_user_id,retweeted_status.in_reply_to_user_id_str,retweeted_status.in_reply_to_screen_name,retweeted_status.user.id,retweeted_status.user.id_str,retweeted_status.user.name,retweeted_status.user.screen_name,retweeted_status.user.location,retweeted_status.user.description,retweeted_status.user.url,retweeted_status.user.entities.description.urls,retweeted_status.user.protected,retweeted_status.user.followers_count,retweeted_status.user.friends_count,retweeted_status.user.listed_count,retweeted_status.user.created_at,retweeted_status.user.favourites_count,retweeted_status.user.utc_offset,retweeted_status.user.time_zone,retweeted_status.user.geo_enabled,retweeted_status.user.verified,retweeted_status.user.statuses_count,retweeted_status.user.lang,retweeted_status.user.contributors_enabled,retweeted_status.user.is_translator,retweeted_status.user.is_translation_enabled,retweeted_status.user.profile_background_color,retweeted_status.user.profile_background_image_url,retweeted_status.user.profile_background_image_url_https,retweeted_status.user.profile_background_tile,retweeted_status.user.profile_image_url,retweeted_status.user.profile_image_url_https,retweeted_status.user.profile_banner_url,retweeted_status.user.profile_link_color,retweeted_status.user.profile_sidebar_border_color,retweeted_status.user.profile_sidebar_fill_color,retweeted_status.user.profile_text_color,retweeted_status.user.profile_use_background_image,retweeted_status.user.has_extended_profile,retweeted_status.user.default_profile,retweeted_status.user.default_profile_image,retweeted_status.user.following,retweeted_status.user.follow_request_sent,retweeted_status.user.notifications,retweeted_status.user.translator_type,retweeted_status.geo,retweeted_status.coordinates,retweeted_status.place,retweeted_status.contributors,retweeted_status.is_quote_status,retweeted_status.retweet_count,retweeted_status.favorite_count,retweeted_status.favorited,retweeted_status.retweeted,retweeted_status.lang,fetched_at,user.entities.url.urls,retweeted_status.entities.media,retweeted_status.extended_entities.media,retweeted_status.possibly_sensitive
2020-10-26 15:49:01+00:00,1320754315703664641,1320754315703664641,@Laws0fLove @massumeh18 Citron is a good best to do the opposite of what they short. Hindenburg got $apha right lol,False,"[24, 115]","<a href=""http://twitter.com/download/iphone"" rel=""nofollow"">Twitter for iPhone</a>",1.3207535872161464e+18,1320753587216146433,496035060.0,496035060,Laws0fLove,,,,,False,0,1,False,False,,en,[],"[{'text': 'apha', 'indices': [100, 105]}]","[{'screen_name': 'Laws0fLove', 'name': 'Finding Lisa', 'id': 496035060, 'id_str': '496035060', 'indices': [0, 11]}, {'screen_name': 'massumeh18', 'name': '@massumeh18 #RefinedWarrior #Activist', 'id': 18631420, 'id_str': '18631420', 'indices': [12, 23]}]",[],,,en,recent,386861642,386861642,Hamzah Ali Khan,HamzahKingKhan,Sydney / Toronto ,American/Canadian of Pakistani origin • Self-Directed Investor • LLB (Uni of London) • Juris Doctor in the making @ UNSW Sydney khaninvestmentsco@gmail.com,,[],False,3665,906,94,Sat Oct 08 01:48:07 +0000 2011,21051,,,True,False,53911,,False,False,False,000000,http://abs.twimg.com/images/themes/theme1/bg.png,https://abs.twimg.com/images/themes/theme1/bg.png,True,http://pbs.twimg.com/profile_images/1293775723212103680/ZplfMgPh_normal.jpg,https://pbs.twimg.com/profile_images/1293775723212103680/ZplfMgPh_normal.jpg,918476,FFFFFF,0C0B0B,5C5854,True,True,False,False,False,False,False,none,,,,,,,,,,,,,,,,,,,,,,,,,,,,,,,,,,,,,,,,,,,,,,,,,,,,,,,,,,,,,,,,,,,,,,,,2020-10-26 15:51:58.896240+00:00,,,,
2020-10-26 15:48:31+00:00,1320754186716401664,1320754186716401664,"Remdesivir Gets FDA Approval. What It Means for Gilead Stock and Vaccine Makers. 

$GILD $TLRY $ACB $HEXO $CRON $APHA",False,"[0, 117]","<a href=""https://mobile.twitter.com"" rel=""nofollow"">Twitter Web App</a>",,,,,,,,,,False,0,1,False,False,,en,[],"[{'text': 'GILD', 'indices': [83, 88]}, {'text': 'TLRY', 'indices': [89, 94]}, {'text': 'ACB', 'indices': [95, 99]}, {'text': 'HEXO', 'indices': [100, 105]}, {'text': 'CRON', 'indices': [106, 111]}, {'text': 'APHA', 'indices': [112, 117]}]",[],[],,,en,recent,100185304,100185304,Biotechnology AI Fintech BigData Science Data,Escells,United States,"Disclaimer:  All posts & RT are for informational purposes only & NOT a recommendation to buy, sell, hold securities of any kind & Never Medical/Health Advice",,[],False,4393,2985,107,Tue Dec 29 09:36:31 +0000 2009,230,,,False,False,86,,False,False,False,FFFFFF,http://abs.twimg.com/images/themes/theme1/bg.png,https://abs.twimg.com/images/themes/theme1/bg.png,False,http://pbs.twimg.com/profile_images/1284621686881517569/v8yk3XUo_normal.jpg,https://pbs.twimg.com/profile_images/1284621686881517569/v8yk3XUo_normal.jpg,008000,070552,BBC3E6,0A010A,True,False,False,False,False,False,False,none,https://pbs.twimg.com/profile_banners/100185304/1603555562,,,,,,,,,,,,,,,,,,,,,,,,,,,,,,,,,,,,,,,,,,,,,,,,,,,,,,,,,,,,,,,,,,,,,,,2020-10-26 15:51:58.896240+00:00,,,,
2020-10-26 15:48:17+00:00,1320754128822300672,1320754128822300672,"RT @Escells: $MJNA  production area of 16,000-square-foot facility. Medical Marijuana, Inc. will produce, encapsulate and package 80 percen…",False,"[0, 140]","<a href=""https://mobile.twitter.com"" rel=""nofollow"">Twitter Web App</a>",,,,,,,,,,False,1,0,False,False,,en,[],"[{'text': 'MJNA', 'indices': [13, 18]}]","[{'screen_name': 'Escells', 'name': 'Biotechnology AI Fintech BigData Science Data', 'id': 100185304, 'id_str': '100185304', 'indices': [3, 11]}]",[],,,en,recent,737142202481016832,737142202481016832,Chidambara .ML.,chidambara09,Mysore  and  BERLIN,Be happy  Be healthy Be smile Be cool Be good human,,[],False,7753,14,4416,Mon May 30 04:42:51 +0000 2016,472,,,False,False,1201654,,False,False,False,F5F8FA,,,False,http://pbs.twimg.com/profile_images/760774125522518016/jhzjWv0i_normal.jpg,https://pbs.twimg.com/profile_images/760774125522518016/jhzjWv0i_normal.jpg,1DA1F2,C0DEED,DDEEF6,333333,True,False,True,False,False,False,False,none,https://pbs.twimg.com/profile_banners/737142202481016832/1538216794,Mon Oct 26 15:47:19 +0000 2020,1.3207538856995758e+18,1320753885699575811,"$MJNA  production area of 16,000-square-foot facility. Medical Marijuana, Inc. will produce, encapsulate and package 80 percent of all of its products, such as cannabidiol #CBD based topicals, liquids, capsules, and powders, in-house. $TLRY $ACB $HEXO $CRON $APHA https://t.co/sQ9IU1ASMR",False,"[0, 263]","[{'text': 'CBD', 'indices': [172, 176]}]","[{'text': 'MJNA', 'indices': [0, 5]}, {'text': 'TLRY', 'indices': [235, 240]}, {'text': 'ACB', 'indices': [241, 245]}, {'text': 'HEXO', 'indices': [246, 251]}, {'text': 'CRON', 'indices': [252, 257]}, {'text': 'APHA', 'indices': [258, 263]}]",[],[],en,recent,"<a href=""https://mobile.twitter.com"" rel=""nofollow"">Twitter Web App</a>",,,,,,100185304.0,100185304,Biotechnology AI Fintech BigData Science Data,Escells,United States,"Disclaimer:  All posts & RT are for informational purposes only & NOT a recommendation to buy, sell, hold securities of any kind & Never Medical/Health Advice",,[],False,4393.0,2985.0,107.0,Tue Dec 29 09:36:31 +0000 2009,230.0,,,False,False,86.0,,False,False,False,FFFFFF,http://abs.twimg.com/images/themes/theme1/bg.png,https://abs.twimg.com/images/themes/theme1/bg.png,False,http://pbs.twimg.com/profile_images/1284621686881517569/v8yk3XUo_normal.jpg,https://pbs.twimg.com/profile_images/1284621686881517569/v8yk3XUo_normal.jpg,https://pbs.twimg.com/profile_banners/100185304/1603555562,008000,070552,BBC3E6,0A010A,True,False,False,False,False,False,False,none,,,,,False,1.0,1.0,False,False,en,2020-10-26 15:51:58.896240+00:00,,"[{'id': 1320753869266235397, 'id_str': '1320753869266235397', 'indices': [264, 287], 'media_url': 'http://pbs.twimg.com/tweet_video_thumb/ElRCpX1WMAUEBnI.jpg', 'media_url_https': 'https://pbs.twimg.com/tweet_video_thumb/ElRCpX1WMAUEBnI.jpg', 'url': 'https://t.co/sQ9IU1ASMR', 'display_url': 'pic.twitter.com/sQ9IU1ASMR', 'expanded_url': 'https://twitter.com/Escells/status/1320753885699575811/photo/1', 'type': 'photo', 'sizes': {'small': {'w': 680, 'h': 453, 'resize': 'fit'}, 'thumb': {'w': 150, 'h': 150, 'resize': 'crop'}, 'medium': {'w': 972, 'h': 648, 'resize': 'fit'}, 'large': {'w': 972, 'h': 648, 'resize': 'fit'}}}]","[{'id': 1320753869266235397, 'id_str': '1320753869266235397', 'indices': [264, 287], 'media_url': 'http://pbs.twimg.com/tweet_video_thumb/ElRCpX1WMAUEBnI.jpg', 'media_url_https': 'https://pbs.twimg.com/tweet_video_thumb/ElRCpX1WMAUEBnI.jpg', 'url': 'https://t.co/sQ9IU1ASMR', 'display_url': 'pic.twitter.com/sQ9IU1ASMR', 'expanded_url': 'https://twitter.com/Escells/status/1320753885699575811/photo/1', 'type': 'animated_gif', 'sizes': {'small': {'w': 680, 'h': 453, 'resize': 'fit'}, 'thumb': {'w': 150, 'h': 150, 'resize': 'crop'}, 'medium': {'w': 972, 'h': 648, 'resize': 'fit'}, 'large': {'w': 972, 'h': 648, 'resize': 'fit'}}, 'video_info': {'aspect_ratio': [3, 2], 'variants': [{'bitrate': 0, 'content_type': 'video/mp4', 'url': 'https://video.twimg.com/tweet_video/ElRCpX1WMAUEBnI.mp4'}]}}]",False
2020-10-26 15:47:19+00:00,1320753885699575811,1320753885699575811,"$MJNA  production area of 16,000-square-foot facility. Medical Marijuana, Inc. will produce, encapsulate and package 80 percent of all of its products, such as cannabidiol #CBD based topicals, liquids, capsules, and powders, in-house. $TLRY $ACB $HEXO $CRON $APHA https://t.co/sQ9IU1ASMR",False,"[0, 263]","<a href=""https://mobile.twitter.com"" rel=""nofollow"">Twitter Web App</a>",,,,,,,,,,False,1,1,False,False,False,en,"[{'text': 'CBD', 'indices': [172, 176]}]","[{'text': 'MJNA', 'indices': [0, 5]}, {'text': 'TLRY', 'indices': [235, 240]}, {'text': 'ACB', 'indices': [241, 245]}, {'text': 'HEXO', 'indices': [246, 251]}, {'text': 'CRON', 'indices': [252, 257]}, {'text': 'APHA', 'indices': [258, 263]}]",[],[],"[{'id': 1320753869266235397, 'id_str': '1320753869266235397', 'indices': [264, 287], 'media_url': 'http://pbs.twimg.com/tweet_video_thumb/ElRCpX1WMAUEBnI.jpg', 'media_url_https': 'https://pbs.twimg.com/tweet_video_thumb/ElRCpX1WMAUEBnI.jpg', 'url': 'https://t.co/sQ9IU1ASMR', 'display_url': 'pic.twitter.com/sQ9IU1ASMR', 'expanded_url': 'https://twitter.com/Escells/status/1320753885699575811/photo/1', 'type': 'photo', 'sizes': {'small': {'w': 680, 'h': 453, 'resize': 'fit'}, 'thumb': {'w': 150, 'h': 150, 'resize': 'crop'}, 'medium': {'w': 972, 'h': 648, 'resize': 'fit'}, 'large': {'w': 972, 'h': 648, 'resize': 'fit'}}}]","[{'id': 1320753869266235397, 'id_str': '1320753869266235397', 'indices': [264, 287], 'media_url': 'http://pbs.twimg.com/tweet_video_thumb/ElRCpX1WMAUEBnI.jpg', 'media_url_https': 'https://pbs.twimg.com/tweet_video_thumb/ElRCpX1WMAUEBnI.jpg', 'url': 'https://t.co/sQ9IU1ASMR', 'display_url': 'pic.twitter.com/sQ9IU1ASMR', 'expanded_url': 'https://twitter.com/Escells/status/1320753885699575811/photo/1', 'type': 'animated_gif', 'sizes': {'small': {'w': 680, 'h': 453, 'resize': 'fit'}, 'thumb': {'w': 150, 'h': 150, 'resize': 'crop'}, 'medium': {'w': 972, 'h': 648, 'resize': 'fit'}, 'large': {'w': 972, 'h': 648, 'resize': 'fit'}}, 'video_info': {'aspect_ratio': [3, 2], 'variants': [{'bitrate': 0, 'content_type': 'video/mp4', 'url': 'https://video.twimg.com/tweet_video/ElRCpX1WMAUEBnI.mp4'}]}}]",en,recent,100185304,100185304,Biotechnology AI Fintech BigData Science Data,Escells,United States,"Disclaimer:  All posts & RT are for informational purposes only & NOT a recommendation to buy, sell, hold securities of any kind & Never Medical/Health Advice",,[],False,4393,2985,107,Tue Dec 29 09:36:31 +0000 2009,230,,,False,False,86,,False,False,False,FFFFFF,http://abs.twimg.com/images/themes/theme1/bg.png,https://abs.twimg.com/images/themes/theme1/bg.png,False,http://pbs.twimg.com/profile_images/1284621686881517569/v8yk3XUo_normal.jpg,https://pbs.twimg.com/profile_images/1284621686881517569/v8yk3XUo_normal.jpg,008000,070552,BBC3E6,0A010A,True,False,False,False,False,False,False,none,https://pbs.twimg.com/profile_banners/100185304/1603555562,,,,,,,,,,,,,,,,,,,,,,,,,,,,,,,,,,,,,,,,,,,,,,,,,,,,,,,,,,,,,,,,,,,,,,,2020-10-26 15:51:58.896240+00:00,,,,
2020-10-26 15:28:58+00:00,1320749266231590912,1320749266231590912,Why Canadian Cannabis Operators Benefit From U.S. Election Enthusiasm https://t.co/dnMfKgeSPI #cannabis $APHA $APHA.TO $ACB $ACB.TO $CGC $WEED.TO $CRON $CRON.TO $TLRY,False,"[0, 166]","<a href=""https://mobile.twitter.com"" rel=""nofollow"">Twitter Web App</a>",,,,,,,,,,False,0,1,False,False,False,en,"[{'text': 'cannabis', 'indices': [94, 103]}]","[{'text': 'APHA', 'indices': [104, 109]}, {'text': 'APHA.TO', 'indices': [110, 118]}, {'text': 'ACB', 'indices': [119, 123]}, {'text': 'ACB.TO', 'indices': [124, 131]}, {'text': 'CGC', 'indices': [132, 136]}, {'text': 'WEED.TO', 'indices': [137, 145]}, {'text': 'CRON', 'indices': [146, 151]}, {'text': 'CRON.TO', 'indices': [152, 160]}, {'text': 'TLRY', 'indices': [161, 166]}]",[],"[{'url': 'https://t.co/dnMfKgeSPI', 'expanded_url': 'https://www.newcannabisventures.com/why-canadian-cannabis-operators-benefit-from-u-s-election-enthusiasm/', 'display_url': 'newcannabisventures.com/why-canadian-c…', 'indices': [70, 93]}]",,,en,recent,140149665,140149665,"Alan Brochstein, CFA",Invest420,Houston,Leading authority on investing in the rapidly evolving legal and medical cannabis industry. Founder at https://t.co/8ptm8XjyY2 and https://t.co/iRWOyVASKV,http://t.co/YdtMu8LHAa,"[{'url': 'https://t.co/8ptm8XjyY2', 'expanded_url': 'http://420Investor.com', 'display_url': '420Investor.com', 'indices': [103, 126]}, {'url': 'https://t.co/iRWOyVASKV', 'expanded_url': 'http://NewCannabisVentures.com', 'display_url': 'NewCannabisVentures.com', 'indices': [131, 154]}]",False,30974,1517,662,Tue May 04 18:41:50 +0000 2010,11615,,,True,True,27193,,False,False,False,131516,http://abs.twimg.com/images/themes/theme14/bg.gif,https://abs.twimg.com/images/themes/theme14/bg.gif,True,http://pbs.twimg.com/profile_images/1034582554756636673/pW2OzXdJ_normal.jpg,https://pbs.twimg.com/profile_images/1034582554756636673/pW2OzXdJ_normal.jpg,009999,EEEEEE,EFEFEF,333333,True,True,False,False,False,False,False,none,https://pbs.twimg.com/profile_banners/140149665/1470540047,,,,,,,,,,,,,,,,,,,,,,,,,,,,,,,,,,,,,,,,,,,,,,,,,,,,,,,,,,,,,,,,,,,,,,,2020-10-26 15:35:44.285214+00:00,"[{'url': 'http://t.co/YdtMu8LHAa', 'expanded_url': 'http://www.newcannabisventures.com', 'display_url': 'newcannabisventures.com', 'indices': [0, 22]}]",,,
2020-10-26 15:07:18+00:00,1320743815926394885,1320743815926394885,"To get all the latest news, infos &amp; data about $TRUL @Trulieve @Trulieve_IR make sure to visit &amp; subscribe to @weedstreet420 

$GWPH $CURA $GTII $CWEB $CL $APHA $CGC $VFF $CRON 
https://t.co/FeqzA5N4jJ",False,"[0, 209]","<a href=""http://twitter.com/download/iphone"" rel=""nofollow"">Twitter for iPhone</a>",,,,,,,,,,False,0,0,False,False,False,en,[],"[{'text': 'TRUL', 'indices': [51, 56]}, {'text': 'GWPH', 'indices': [135, 140]}, {'text': 'CURA', 'indices': [141, 146]}, {'text': 'GTII', 'indices': [147, 152]}, {'text': 'CWEB', 'indices': [153, 158]}, {'text': 'CL', 'indices': [159, 162]}, {'text': 'APHA', 'indices': [163, 168]}, {'text': 'CGC', 'indices': [169, 173]}, {'text': 'VFF', 'indices': [174, 178]}, {'text': 'CRON', 'indices': [179, 184]}]","[{'screen_name': 'Trulieve', 'name': 'Trulieve', 'id': 756096706014478348, 'id_str': '756096706014478348', 'indices': [57, 66]}, {'screen_name': 'Trulieve_IR', 'name': 'Trulieve_IR', 'id': 1220769816585351168, 'id_str': '1220769816585351168', 'indices': [67, 79]}, {'screen_name': 'weedstreet420', 'name': 'WeedStreet420', 'id': 828810706258632704, 'id_str': '828810706258632704', 'indices': [118, 132]}]","[{'url': 'https://t.co/FeqzA5N4jJ', 'expanded_url': 'https://www.weedstreet420.com/pot-stock/?i=trulieve', 'display_url': 'weedstreet420.com/pot-stock/?i=t…', 'indices': [186, 209]}]",,,en,recent,586145638,586145638,Montana8169™️,Montana8169,Bahamas,Investing in #Weedstocks #Shrooms #eSports. Not here to rub anyone’s back I tell it how it is. Tweets are opinions not advices DYODD. Don’t do what I do.,,[],False,2331,193,24,Mon May 21 01:33:30 +0000 2012,20155,,,False,False,21210,,False,False,False,C0DEED,http://abs.twimg.com/images/themes/theme1/bg.png,https://abs.twimg.com/images/themes/theme1/bg.png,False,http://pbs.twimg.com/profile_images/1249396325113888768/8Aef1aq9_normal.jpg,https://pbs.twimg.com/profile_images/1249396325113888768/8Aef1aq9_normal.jpg,1DA1F2,C0DEED,DDEEF6,333333,True,False,True,False,False,False,False,none,https://pbs.twimg.com/profile_banners/586145638/1553565145,,,,,,,,,,,,,,,,,,,,,,,,,,,,,,,,,,,,,,,,,,,,,,,,,,,,,,,,,,,,,,,,,,,,,,,2020-10-26 15:11:28.060826+00:00,,,,
2020-10-26 15:06:34+00:00,1320743632748662784,1320743632748662784,RT @daily_otc: $CANB CanB is also an exclusive partner of the LifeGuard® Brand in developing a line of consumer products. The Company is al…,False,"[0, 140]","<a href=""https://gambiste.com"" rel=""nofollow"">Gambiste</a>",,,,,,,,,,False,2,0,False,False,,en,[],"[{'text': 'CANB', 'indices': [15, 20]}]","[{'screen_name': 'daily_otc', 'name': 'DailyOTC', 'id': 901292690167541760, 'id_str': '901292690167541760', 'indices': [3, 13]}]",[],,,en,recent,1136370591517290496,1136370591517290496,Joe Gambiste,Gambiste1,,"Check out the best tweets on Stocks. Beware, I am the greatest stocks retweeter. Find hot stocks with @GambisteFinance.",https://t.co/33d2n9Nigx,[],False,7610,0,100,Wed Jun 05 20:33:56 +0000 2019,870,,,False,False,922051,,False,False,False,F5F8FA,,,False,http://pbs.twimg.com/profile_images/1283519597640122368/X8uTqLDm_normal.jpg,https://pbs.twimg.com/profile_images/1283519597640122368/X8uTqLDm_normal.jpg,1DA1F2,C0DEED,DDEEF6,333333,True,False,True,False,False,False,False,none,,Mon Oct 26 07:52:28 +0000 2020,1.3206343867574395e+18,1.3206343867574395e+18,"$CANB CanB is also an exclusive partner of the LifeGuard® Brand in developing a line of consumer products. The Company is also launching Super Foods, a line of nutritional supplements. $ACB $CGC $TRLY $GRWG $APHA $NBEV",False,"[0, 218]",[],"[{'text': 'CANB', 'indices': [0, 5]}, {'text': 'ACB', 'indices': [185, 189]}, {'text': 'CGC', 'indices': [190, 194]}, {'text': 'TRLY', 'indices': [195, 200]}, {'text': 'GRWG', 'indices': [201, 206]}, {'text': 'APHA', 'indices': [207, 212]}, {'text': 'NBEV', 'indices': [213, 218]}]",[],[],en,recent,"<a href=""https://mobile.twitter.com"" rel=""nofollow"">Twitter Web App</a>",,,,,,9.012926901675418e+17,9.012926901675416e+17,DailyOTC,daily_otc,,,,[],False,1207.0,55.0,0.0,Sat Aug 26 03:58:17 +0000 2017,728.0,,,False,False,4303.0,,False,False,False,F5F8FA,,,False,http://pbs.twimg.com/profile_images/1253594410622861313/Tjb3WpJW_normal.jpg,https://pbs.twimg.com/profile_images/1253594410622861313/Tjb3WpJW_normal.jpg,https://pbs.twimg.com/profile_banners/901292690167541760/1587715173,1DA1F2,C0DEED,DDEEF6,333333.0,True,False,True,False,False,False,False,none,,,,,False,2.0,1.0,False,False,en,2020-10-26 15:11:28.060826+00:00,"[{'url': 'https://t.co/33d2n9Nigx', 'expanded_url': 'http://Gambiste.com', 'display_url': 'Gambiste.com', 'indices': [0, 23]}]",,,
2020-10-26 14:55:24+00:00,1320740822669758465,1320740822669758465,"$Apha standing against the odds for some reason. 

$mj $cron $cgc $abc",False,"[0, 70]","<a href=""http://twitter.com/download/iphone"" rel=""nofollow"">Twitter for iPhone</a>",,,,,,,,,,False,0,0,False,False,,en,[],"[{'text': 'Apha', 'indices': [0, 5]}, {'text': 'mj', 'indices': [51, 54]}, {'text': 'cron', 'indices': [55, 60]}, {'text': 'cgc', 'indices': [61, 65]}, {'text': 'abc', 'indices': [66, 70]}]",[],[],,,en,recent,2823808576,2823808576,B,TheBroker12,USA,Behavioral Economics. Do ya DD and profits will flow from both side. B&B investor.(options/otc/swing-large cap that order-tweets are not advice-just my thoughts,,[],False,602,82,12,Sat Oct 11 21:56:20 +0000 2014,12708,,,False,False,6387,,False,False,False,C0DEED,http://abs.twimg.com/images/themes/theme1/bg.png,https://abs.twimg.com/images/themes/theme1/bg.png,False,http://pbs.twimg.com/profile_images/1110278356967309318/1mddfsta_normal.jpg,https://pbs.twimg.com/profile_images/1110278356967309318/1mddfsta_normal.jpg,1DA1F2,C0DEED,DDEEF6,333333,True,False,True,False,False,False,False,none,,,,,,,,,,,,,,,,,,,,,,,,,,,,,,,,,,,,,,,,,,,,,,,,,,,,,,,,,,,,,,,,,,,,,,,,2020-10-26 15:00:59.711578+00:00,,,,
2020-10-26 14:52:58+00:00,1320740208179060748,1320740208179060748,The upcoming U.S. presidential election could lead to important regulatory changes that would grow the budding cannabis industry. Some our analysts' top picks in the industry include Aphria $APHA and Aurora Cannabis $ACB. https://t.co/ffrAcCMRvQ,False,"[0, 221]","<a href=""https://mobile.twitter.com"" rel=""nofollow"">Twitter Web App</a>",,,,,,,,,,False,0,2,False,False,False,en,[],"[{'text': 'APHA', 'indices': [190, 195]}, {'text': 'ACB', 'indices': [216, 220]}]",[],[],"[{'id': 1320739860450316291, 'id_str': '1320739860450316291', 'indices': [222, 245], 'media_url': 'http://pbs.twimg.com/media/ElQ1587XEAMJzjD.png', 'media_url_https': 'https://pbs.twimg.com/media/ElQ1587XEAMJzjD.png', 'url': 'https://t.co/ffrAcCMRvQ', 'display_url': 'pic.twitter.com/ffrAcCMRvQ', 'expanded_url': 'https://twitter.com/MstarResearch/status/1320740208179060748/photo/1', 'type': 'photo', 'sizes': {'medium': {'w': 589, 'h': 284, 'resize': 'fit'}, 'large': {'w': 589, 'h': 284, 'resize': 'fit'}, 'small': {'w': 589, 'h': 284, 'resize': 'fit'}, 'thumb': {'w': 150, 'h': 150, 'resize': 'crop'}}}]","[{'id': 1320739860450316291, 'id_str': '1320739860450316291', 'indices': [222, 245], 'media_url': 'http://pbs.twimg.com/media/ElQ1587XEAMJzjD.png', 'media_url_https': 'https://pbs.twimg.com/media/ElQ1587XEAMJzjD.png', 'url': 'https://t.co/ffrAcCMRvQ', 'display_url': 'pic.twitter.com/ffrAcCMRvQ', 'expanded_url': 'https://twitter.com/MstarResearch/status/1320740208179060748/photo/1', 'type': 'photo', 'sizes': {'medium': {'w': 589, 'h': 284, 'resize': 'fit'}, 'large': {'w': 589, 'h': 284, 'resize': 'fit'}, 'small': {'w': 589, 'h': 284, 'resize': 'fit'}, 'thumb': {'w': 150, 'h': 150, 'resize': 'crop'}}}]",en,recent,16439117,16439117,Morningstar Research,MstarResearch,,"Our latest actionable insights on funds and stocks for advisors, professional investors, and engaged individuals.",https://t.co/JYHwp97agc,[],False,52187,1376,1000,Wed Sep 24 19:25:40 +0000 2008,1893,,,True,False,11513,,False,False,False,EBEBEB,http://abs.twimg.com/images/themes/theme14/bg.gif,https://abs.twimg.com/images/themes/theme14/bg.gif,False,http://pbs.twimg.com/profile_images/468797262236119040/XQWRYG_j_normal.png,https://pbs.twimg.com/profile_images/468797262236119040/XQWRYG_j_normal.png,990000,FFFFFF,EFEFEF,333333,False,False,False,False,False,False,False,none,https://pbs.twimg.com/profile_banners/16439117/1549641865,,,,,,,,,,,,,,,,,,,,,,,,,,,,,,,,,,,,,,,,,,,,,,,,,,,,,,,,,,,,,,,,,,,,,,,2020-10-26 15:00:59.711578+00:00,"[{'url': 'https://t.co/JYHwp97agc', 'expanded_url': 'http://www.morningstar.com', 'display_url': 'morningstar.com', 'indices': [0, 23]}]",,,
2020-10-26 14:35:06+00:00,1320735713483198467,1320735713483198467,$apha https://t.co/L99ZvuxXie,False,"[0, 5]","<a href=""http://twitter.com/download/iphone"" rel=""nofollow"">Twitter for iPhone</a>",,,,,,,,,,False,0,0,False,False,False,hi,[],"[{'text': 'apha', 'indices': [0, 5]}]",[],[],"[{'id': 1320735706382278662, 'id_str': '1320735706382278662', 'indices': [6, 29], 'media_url': 'http://pbs.twimg.com/media/ElQyIJ0XIAYaoty.jpg', 'media_url_https': 'https://pbs.twimg.com/media/ElQyIJ0XIAYaoty.jpg', 'url': 'https://t.co/L99ZvuxXie', 'display_url': 'pic.twitter.com/L99ZvuxXie', 'expanded_url': 'https://twitter.com/TheBroker12/status/1320735713483198467/photo/1', 'type': 'photo', 'sizes': {'small': {'w': 314, 'h': 680, 'resize': 'fit'}, 'thumb': {'w': 150, 'h': 150, 'resize': 'crop'}, 'medium': {'w': 554, 'h': 1200, 'resize': 'fit'}, 'large': {'w': 946, 'h': 2048, 'resize': 'fit'}}}]","[{'id': 1320735706382278662, 'id_str': '1320735706382278662', 'indices': [6, 29], 'media_url': 'http://pbs.twimg.com/media/ElQyIJ0XIAYaoty.jpg', 'media_url_https': 'https://pbs.twimg.com/media/ElQyIJ0XIAYaoty.jpg', 'url': 'https://t.co/L99ZvuxXie', 'display_url': 'pic.twitter.com/L99ZvuxXie', 'expanded_url': 'https://twitter.com/TheBroker12/status/1320735713483198467/photo/1', 'type': 'photo', 'sizes': {'small': {'w': 314, 'h': 680, 'resize': 'fit'}, 'thumb': {'w': 150, 'h': 150, 'resize': 'crop'}, 'medium': {'w': 554, 'h': 1200, 'resize': 'fit'}, 'large': {'w': 946, 'h': 2048, 'resize': 'fit'}}}, {'id': 1320735706390634496, 'id_str': '1320735706390634496', 'indices': [6, 29], 'media_url': 'http://pbs.twimg.com/media/ElQyIJ2WoAABWZq.jpg', 'media_url_https': 'https://pbs.twimg.com/media/ElQyIJ2WoAABWZq.jpg', 'url': 'https://t.co/L99ZvuxXie', 'display_url': 'pic.twitter.com/L99ZvuxXie', 'expanded_url': 'https://twitter.com/TheBroker12/status/1320735713483198467/photo/1', 'type': 'photo', 'sizes': {'thumb': {'w': 150, 'h': 150, 'resize': 'crop'}, 'medium': {'w': 554, 'h': 1200, 'resize': 'fit'}, 'large': {'w': 946, 'h': 2048, 'resize': 'fit'}, 'small': {'w': 314, 'h': 680, 'resize': 'fit'}}}, {'id': 1320735706394873857, 'id_str': '1320735706394873857', 'indices': [6, 29], 'media_url': 'http://pbs.twimg.com/media/ElQyIJ3XUAEzgJ9.jpg', 'media_url_https': 'https://pbs.twimg.com/media/ElQyIJ3XUAEzgJ9.jpg', 'url': 'https://t.co/L99ZvuxXie', 'display_url': 'pic.twitter.com/L99ZvuxXie', 'expanded_url': 'https://twitter.com/TheBroker12/status/1320735713483198467/photo/1', 'type': 'photo', 'sizes': {'thumb': {'w': 150, 'h': 150, 'resize': 'crop'}, 'medium': {'w': 554, 'h': 1200, 'resize': 'fit'}, 'large': {'w': 946, 'h': 2048, 'resize': 'fit'}, 'small': {'w': 314, 'h': 680, 'resize': 'fit'}}}]",hi,recent,2823808576,2823808576,B,TheBroker12,USA,Behavioral Economics. Do ya DD and profits will flow from both side. B&B investor.(options/otc/swing-large cap that order-tweets are not advice-just my thoughts,,[],False,602,82,12,Sat Oct 11 21:56:20 +0000 2014,12708,,,False,False,6386,,False,False,False,C0DEED,http://abs.twimg.com/images/themes/theme1/bg.png,https://abs.twimg.com/images/themes/theme1/bg.png,False,http://pbs.twimg.com/profile_images/1110278356967309318/1mddfsta_normal.jpg,https://pbs.twimg.com/profile_images/1110278356967309318/1mddfsta_normal.jpg,1DA1F2,C0DEED,DDEEF6,333333,True,False,True,False,False,False,False,none,,,,,,,,,,,,,,,,,,,,,,,,,,,,,,,,,,,,,,,,,,,,,,,,,,,,,,,,,,,,,,,,,,,,,,,,2020-10-26 14:49:42.328321+00:00,,,,
2020-10-26 14:31:56+00:00,1320734915290300421,1320734915290300421,"$APHA, your relative strength is showing...",False,"[0, 43]","<a href=""http://twitter.com/download/iphone"" rel=""nofollow"">Twitter for iPhone</a>",,,,,,,,,,False,0,1,False,False,,en,[],"[{'text': 'APHA', 'indices': [0, 5]}]",[],[],,,en,recent,1229590187186872320,1229590187186872320,Humble Stock Guy,humblestockguy,,"Champion of the underdogs. My tweets are my humble opinions.
#stocks #stockmarket #oil #uranium #psychedelics #cannabis #gold #crypto",,[],False,289,113,4,Tue Feb 18 02:15:25 +0000 2020,1642,,,False,False,1662,,False,False,False,F5F8FA,,,False,http://pbs.twimg.com/profile_images/1229591181509545985/5D0VLwJU_normal.jpg,https://pbs.twimg.com/profile_images/1229591181509545985/5D0VLwJU_normal.jpg,1DA1F2,C0DEED,DDEEF6,333333,True,False,True,False,False,False,False,none,,,,,,,,,,,,,,,,,,,,,,,,,,,,,,,,,,,,,,,,,,,,,,,,,,,,,,,,,,,,,,,,,,,,,,,,2020-10-26 14:49:42.328321+00:00,,,,
2020-10-26 14:21:09+00:00,1320732199725993986,1320732199725993986,RT @daily_otc: $CANB Can B Corp. is a Health &amp; Wellness company providing the highest quality cannabidiol (CBD) products under the brands o…,False,"[0, 144]","<a href=""http://twitter.com/download/iphone"" rel=""nofollow"">Twitter for iPhone</a>",,,,,,,,,,False,1,0,False,False,,en,[],"[{'text': 'CANB', 'indices': [15, 20]}]","[{'screen_name': 'daily_otc', 'name': 'DailyOTC', 'id': 901292690167541760, 'id_str': '901292690167541760', 'indices': [3, 13]}]",[],,,en,recent,1287006854485336064,1287006854485336064,FastMoneyLeaks,FastMoneyLeaks,,,,[],False,16,0,0,Sat Jul 25 12:48:54 +0000 2020,32,,,False,False,65,,False,False,False,F5F8FA,,,False,http://pbs.twimg.com/profile_images/1287007299010207747/K1FtCO0h_normal.jpg,https://pbs.twimg.com/profile_images/1287007299010207747/K1FtCO0h_normal.jpg,1DA1F2,C0DEED,DDEEF6,333333,True,True,True,False,False,False,False,none,https://pbs.twimg.com/profile_banners/1287006854485336064/1595681634,Mon Oct 26 07:50:30 +0000 2020,1.320633890189574e+18,1.320633890189574e+18,"$CANB Can B Corp. is a Health &amp; Wellness company providing the highest quality cannabidiol (CBD) products under the brands of Canbiola, Seven Chakras, NuWellness, Pure Leaf Oil and Duramed. $ACB $CGC $TRLY $GRWG $APHA $NBEV",False,"[0, 227]",[],"[{'text': 'CANB', 'indices': [0, 5]}, {'text': 'ACB', 'indices': [194, 198]}, {'text': 'CGC', 'indices': [199, 203]}, {'text': 'TRLY', 'indices': [204, 209]}, {'text': 'GRWG', 'indices': [210, 215]}, {'text': 'APHA', 'indices': [216, 221]}, {'text': 'NBEV', 'indices': [222, 227]}]",[],[],en,recent,"<a href=""https://mobile.twitter.com"" rel=""nofollow"">Twitter Web App</a>",,,,,,9.012926901675418e+17,9.012926901675418e+17,DailyOTC,daily_otc,,,,[],False,1207.0,55.0,0.0,Sat Aug 26 03:58:17 +0000 2017,728.0,,,False,False,4303.0,,False,False,False,F5F8FA,,,False,http://pbs.twimg.com/profile_images/1253594410622861313/Tjb3WpJW_normal.jpg,https://pbs.twimg.com/profile_images/1253594410622861313/Tjb3WpJW_normal.jpg,https://pbs.twimg.com/profile_banners/901292690167541760/1587715173,1DA1F2,C0DEED,DDEEF6,333333.0,True,False,True,False,False,False,False,none,,,,,False,1.0,1.0,False,False,en,2020-10-26 14:49:42.328321+00:00,,,,
2020-10-26 14:21:05+00:00,1320732185012408321,1320732185012408321,RT @daily_otc: $CANB CanB is also an exclusive partner of the LifeGuard® Brand in developing a line of consumer products. The Company is al…,False,"[0, 140]","<a href=""http://twitter.com/download/iphone"" rel=""nofollow"">Twitter for iPhone</a>",,,,,,,,,,False,1,0,False,False,,en,[],"[{'text': 'CANB', 'indices': [15, 20]}]","[{'screen_name': 'daily_otc', 'name': 'DailyOTC', 'id': 901292690167541760, 'id_str': '901292690167541760', 'indices': [3, 13]}]",[],,,en,recent,1287006854485336064,1287006854485336064,FastMoneyLeaks,FastMoneyLeaks,,,,[],False,16,0,0,Sat Jul 25 12:48:54 +0000 2020,32,,,False,False,65,,False,False,False,F5F8FA,,,False,http://pbs.twimg.com/profile_images/1287007299010207747/K1FtCO0h_normal.jpg,https://pbs.twimg.com/profile_images/1287007299010207747/K1FtCO0h_normal.jpg,1DA1F2,C0DEED,DDEEF6,333333,True,True,True,False,False,False,False,none,https://pbs.twimg.com/profile_banners/1287006854485336064/1595681634,Mon Oct 26 07:52:28 +0000 2020,1.3206343867574395e+18,1.3206343867574395e+18,"$CANB CanB is also an exclusive partner of the LifeGuard® Brand in developing a line of consumer products. The Company is also launching Super Foods, a line of nutritional supplements. $ACB $CGC $TRLY $GRWG $APHA $NBEV",False,"[0, 218]",[],"[{'text': 'CANB', 'indices': [0, 5]}, {'text': 'ACB', 'indices': [185, 189]}, {'text': 'CGC', 'indices': [190, 194]}, {'text': 'TRLY', 'indices': [195, 200]}, {'text': 'GRWG', 'indices': [201, 206]}, {'text': 'APHA', 'indices': [207, 212]}, {'text': 'NBEV', 'indices': [213, 218]}]",[],[],en,recent,"<a href=""https://mobile.twitter.com"" rel=""nofollow"">Twitter Web App</a>",,,,,,9.012926901675418e+17,9.012926901675418e+17,DailyOTC,daily_otc,,,,[],False,1207.0,55.0,0.0,Sat Aug 26 03:58:17 +0000 2017,728.0,,,False,False,4303.0,,False,False,False,F5F8FA,,,False,http://pbs.twimg.com/profile_images/1253594410622861313/Tjb3WpJW_normal.jpg,https://pbs.twimg.com/profile_images/1253594410622861313/Tjb3WpJW_normal.jpg,https://pbs.twimg.com/profile_banners/901292690167541760/1587715173,1DA1F2,C0DEED,DDEEF6,333333.0,True,False,True,False,False,False,False,none,,,,,False,1.0,1.0,False,False,en,2020-10-26 14:49:42.328321+00:00,,,,
2020-10-26 14:20:54+00:00,1320732139441262593,1320732139441262593,RT @FastMoneyLeaks: Cannabis Stocks | $CANB $CGC $ACB $APHA $TLRY,False,"[0, 65]","<a href=""http://twitter.com/download/iphone"" rel=""nofollow"">Twitter for iPhone</a>",,,,,,,,,,False,1,0,False,False,,en,[],"[{'text': 'CANB', 'indices': [38, 43]}, {'text': 'CGC', 'indices': [44, 48]}, {'text': 'ACB', 'indices': [49, 53]}, {'text': 'APHA', 'indices': [54, 59]}, {'text': 'TLRY', 'indices': [60, 65]}]","[{'screen_name': 'FastMoneyLeaks', 'name': 'FastMoneyLeaks', 'id': 1287006854485336064, 'id_str': '1287006854485336064', 'indices': [3, 18]}]",[],,,en,recent,1287006854485336064,1287006854485336064,FastMoneyLeaks,FastMoneyLeaks,,,,[],False,16,0,0,Sat Jul 25 12:48:54 +0000 2020,32,,,False,False,65,,False,False,False,F5F8FA,,,False,http://pbs.twimg.com/profile_images/1287007299010207747/K1FtCO0h_normal.jpg,https://pbs.twimg.com/profile_images/1287007299010207747/K1FtCO0h_normal.jpg,1DA1F2,C0DEED,DDEEF6,333333,True,True,True,False,False,False,False,none,https://pbs.twimg.com/profile_banners/1287006854485336064/1595681634,Mon Oct 26 11:07:08 +0000 2020,1.3206833769536965e+18,1.3206833769536965e+18,Cannabis Stocks | $CANB $CGC $ACB $APHA $TLRY,False,"[0, 45]",[],"[{'text': 'CANB', 'indices': [18, 23]}, {'text': 'CGC', 'indices': [24, 28]}, {'text': 'ACB', 'indices': [29, 33]}, {'text': 'APHA', 'indices': [34, 39]}, {'text': 'TLRY', 'indices': [40, 45]}]",[],[],en,recent,"<a href=""http://twitter.com/download/iphone"" rel=""nofollow"">Twitter for iPhone</a>",,,,,,1.287006854485336e+18,1.287006854485336e+18,FastMoneyLeaks,FastMoneyLeaks,,,,[],False,16.0,0.0,0.0,Sat Jul 25 12:48:54 +0000 2020,32.0,,,False,False,65.0,,False,False,False,F5F8FA,,,False,http://pbs.twimg.com/profile_images/1287007299010207747/K1FtCO0h_normal.jpg,https://pbs.twimg.com/profile_images/1287007299010207747/K1FtCO0h_normal.jpg,https://pbs.twimg.com/profile_banners/1287006854485336064/1595681634,1DA1F2,C0DEED,DDEEF6,333333.0,True,True,True,False,False,False,False,none,,,,,False,1.0,2.0,False,False,en,2020-10-26 14:49:42.328321+00:00,,,,
