created_at,created_at,id,id_str,text,truncated,source,in_reply_to_status_id,in_reply_to_status_id_str,in_reply_to_user_id,in_reply_to_user_id_str,in_reply_to_screen_name,geo,coordinates,place,contributors,is_quote_status,retweet_count,favorite_count,favorited,retweeted,possibly_sensitive,lang,entities.hashtags,entities.symbols,entities.user_mentions,entities.urls,entities.media,extended_entities.media,metadata.iso_language_code,metadata.result_type,user.id,user.id_str,user.name,user.screen_name,user.location,user.description,user.url,user.entities.description.urls,user.protected,user.followers_count,user.friends_count,user.listed_count,user.created_at,user.favourites_count,user.utc_offset,user.time_zone,user.geo_enabled,user.verified,user.statuses_count,user.lang,user.contributors_enabled,user.is_translator,user.is_translation_enabled,user.profile_background_color,user.profile_background_image_url,user.profile_background_image_url_https,user.profile_background_tile,user.profile_image_url,user.profile_image_url_https,user.profile_banner_url,user.profile_link_color,user.profile_sidebar_border_color,user.profile_sidebar_fill_color,user.profile_text_color,user.profile_use_background_image,user.has_extended_profile,user.default_profile,user.default_profile_image,user.following,user.follow_request_sent,user.notifications,user.translator_type,retweeted_status.created_at,retweeted_status.id,retweeted_status.id_str,retweeted_status.text,retweeted_status.truncated,retweeted_status.entities.hashtags,retweeted_status.entities.symbols,retweeted_status.entities.user_mentions,retweeted_status.entities.urls,retweeted_status.entities.media,retweeted_status.extended_entities.media,retweeted_status.metadata.iso_language_code,retweeted_status.metadata.result_type,retweeted_status.source,retweeted_status.in_reply_to_status_id,retweeted_status.in_reply_to_status_id_str,retweeted_status.in_reply_to_user_id,retweeted_status.in_reply_to_user_id_str,retweeted_status.in_reply_to_screen_name,retweeted_status.user.id,retweeted_status.user.id_str,retweeted_status.user.name,retweeted_status.user.screen_name,retweeted_status.user.location,retweeted_status.user.description,retweeted_status.user.url,retweeted_status.user.entities.description.urls,retweeted_status.user.protected,retweeted_status.user.followers_count,retweeted_status.user.friends_count,retweeted_status.user.listed_count,retweeted_status.user.created_at,retweeted_status.user.favourites_count,retweeted_status.user.utc_offset,retweeted_status.user.time_zone,retweeted_status.user.geo_enabled,retweeted_status.user.verified,retweeted_status.user.statuses_count,retweeted_status.user.lang,retweeted_status.user.contributors_enabled,retweeted_status.user.is_translator,retweeted_status.user.is_translation_enabled,retweeted_status.user.profile_background_color,retweeted_status.user.profile_background_image_url,retweeted_status.user.profile_background_image_url_https,retweeted_status.user.profile_background_tile,retweeted_status.user.profile_image_url,retweeted_status.user.profile_image_url_https,retweeted_status.user.profile_banner_url,retweeted_status.user.profile_link_color,retweeted_status.user.profile_sidebar_border_color,retweeted_status.user.profile_sidebar_fill_color,retweeted_status.user.profile_text_color,retweeted_status.user.profile_use_background_image,retweeted_status.user.has_extended_profile,retweeted_status.user.default_profile,retweeted_status.user.default_profile_image,retweeted_status.user.following,retweeted_status.user.follow_request_sent,retweeted_status.user.notifications,retweeted_status.user.translator_type,retweeted_status.geo,retweeted_status.coordinates,retweeted_status.place,retweeted_status.contributors,retweeted_status.is_quote_status,retweeted_status.retweet_count,retweeted_status.favorite_count,retweeted_status.favorited,retweeted_status.retweeted,retweeted_status.possibly_sensitive,retweeted_status.lang,date_time,fetched_at,user.entities.url.urls,retweeted_status.user.entities.url.urls,quoted_status_id,quoted_status_id_str,quoted_status.created_at,quoted_status.id,quoted_status.id_str,quoted_status.text,quoted_status.truncated,quoted_status.entities.hashtags,quoted_status.entities.symbols,quoted_status.entities.user_mentions,quoted_status.entities.urls,quoted_status.metadata.iso_language_code,quoted_status.metadata.result_type,quoted_status.source,quoted_status.in_reply_to_status_id,quoted_status.in_reply_to_status_id_str,quoted_status.in_reply_to_user_id,quoted_status.in_reply_to_user_id_str,quoted_status.in_reply_to_screen_name,quoted_status.user.id,quoted_status.user.id_str,quoted_status.user.name,quoted_status.user.screen_name,quoted_status.user.location,quoted_status.user.description,quoted_status.user.url,quoted_status.user.entities.url.urls,quoted_status.user.entities.description.urls,quoted_status.user.protected,quoted_status.user.followers_count,quoted_status.user.friends_count,quoted_status.user.listed_count,quoted_status.user.created_at,quoted_status.user.favourites_count,quoted_status.user.utc_offset,quoted_status.user.time_zone,quoted_status.user.geo_enabled,quoted_status.user.verified,quoted_status.user.statuses_count,quoted_status.user.lang,quoted_status.user.contributors_enabled,quoted_status.user.is_translator,quoted_status.user.is_translation_enabled,quoted_status.user.profile_background_color,quoted_status.user.profile_background_image_url,quoted_status.user.profile_background_image_url_https,quoted_status.user.profile_background_tile,quoted_status.user.profile_image_url,quoted_status.user.profile_image_url_https,quoted_status.user.profile_banner_url,quoted_status.user.profile_link_color,quoted_status.user.profile_sidebar_border_color,quoted_status.user.profile_sidebar_fill_color,quoted_status.user.profile_text_color,quoted_status.user.profile_use_background_image,quoted_status.user.has_extended_profile,quoted_status.user.default_profile,quoted_status.user.default_profile_image,quoted_status.user.following,quoted_status.user.follow_request_sent,quoted_status.user.notifications,quoted_status.user.translator_type,quoted_status.geo,quoted_status.coordinates,quoted_status.place,quoted_status.contributors,quoted_status.is_quote_status,quoted_status.retweet_count,quoted_status.favorite_count,quoted_status.favorited,quoted_status.retweeted,quoted_status.possibly_sensitive,quoted_status.lang
2020-10-12 13:54:49+00:00,Mon Oct 12 13:54:49 +0000 2020,1315652146130546688,1315652146130546688,"Why people still talking about $Spaq
You know this company is real deal BUT

You all don't have anything else to pl‚Ä¶ https://t.co/CmXXxvn6Ja",True,"<a href=""http://twitter.com/download/android"" rel=""nofollow"">Twitter for Android</a>",,,,,,,,,,False,0,0,False,False,False,en,[],"[{'text': 'Spaq', 'indices': [31, 36]}]",[],"[{'url': 'https://t.co/CmXXxvn6Ja', 'expanded_url': 'https://twitter.com/i/web/status/1315652146130546688', 'display_url': 'twitter.com/i/web/status/1‚Ä¶', 'indices': [117, 140]}]",,,en,recent,201075884,201075884,PapatsaraüéÄüåπüí™üèãÔ∏è‚öΩ,PrincessFitgirl,"North Carolina, USA","Athlete: Stocks Dummie üìö

Its me in the nutshell: ‚úèÔ∏è
A little bit Thai abit AmericanüîçI'm on Twitter for my own amusement that I need some peace and quiet.",,[],False,274,66,15,Mon Oct 11 01:02:35 +0000 2010,3990,,,True,False,9101,,False,False,False,FFFFFF,http://abs.twimg.com/images/themes/theme1/bg.png,https://abs.twimg.com/images/themes/theme1/bg.png,True,http://pbs.twimg.com/profile_images/1312880343893061632/OnHPs6FS_normal.jpg,https://pbs.twimg.com/profile_images/1312880343893061632/OnHPs6FS_normal.jpg,https://pbs.twimg.com/profile_banners/201075884/1599881982,0099CC,FFF8AD,F6FFD1,333333,True,True,False,False,False,False,False,none,,,,,,,,,,,,,,,,,,,,,,,,,,,,,,,,,,,,,,,,,,,,,,,,,,,,,,,,,,,,,,,,,,,,,,,,,2020-10-12 13:54:49,2020-10-12 16:55:10,,,,,,,,,,,,,,,,,,,,,,,,,,,,,,,,,,,,,,,,,,,,,,,,,,,,,,,,,,,,,,,,,,,,,,,,,,,
2020-10-12 13:54:40+00:00,Mon Oct 12 13:54:40 +0000 2020,1315652106875887616,1315652106875887616,$DKMR Xtreme Fighting #Championships partners with #GoTV Live; Creates unique #XFCChannel with exclusive #XFC conte‚Ä¶ https://t.co/NMNKMB9F3V,True,"<a href=""https://about.twitter.com/products/tweetdeck"" rel=""nofollow"">TweetDeck</a>",,,,,,,,,,False,0,0,False,False,False,en,"[{'text': 'Championships', 'indices': [22, 36]}, {'text': 'GoTV', 'indices': [51, 56]}, {'text': 'XFCChannel', 'indices': [78, 89]}, {'text': 'XFC', 'indices': [105, 109]}]","[{'text': 'DKMR', 'indices': [0, 5]}]",[],"[{'url': 'https://t.co/NMNKMB9F3V', 'expanded_url': 'https://twitter.com/i/web/status/1315652106875887616', 'display_url': 'twitter.com/i/web/status/1‚Ä¶', 'indices': [117, 140]}]",,,en,recent,1023968897567866881,1023968897567866881,FRONTPAGESTOCKS SOLDIER‚ùó,FRONTPAGEARMY2,Central,Find out why Thousands of #PennyStock #Investors trust #FRONTPAGESTOCKS for their daily stock alerts. Sign up today! https://t.co/1TBice1Knj,https://t.co/Csp39aYo4d,"[{'url': 'https://t.co/1TBice1Knj', 'expanded_url': 'http://www.frontpagestocks.com/', 'display_url': 'frontpagestocks.com', 'indices': [117, 140]}]",False,498,62,12,Mon Jul 30 16:29:44 +0000 2018,76,,,False,False,8574,,False,False,False,F5F8FA,,,False,http://pbs.twimg.com/profile_images/1101499444963360773/ZbWDZ1L7_normal.png,https://pbs.twimg.com/profile_images/1101499444963360773/ZbWDZ1L7_normal.png,https://pbs.twimg.com/profile_banners/1023968897567866881/1551452957,1DA1F2,C0DEED,DDEEF6,333333,True,True,True,False,False,False,False,none,,,,,,,,,,,,,,,,,,,,,,,,,,,,,,,,,,,,,,,,,,,,,,,,,,,,,,,,,,,,,,,,,,,,,,,,,2020-10-12 13:54:40,2020-10-12 16:55:10,"[{'url': 'https://t.co/Csp39aYo4d', 'expanded_url': 'http://www.frontpagestocks.com', 'display_url': 'frontpagestocks.com', 'indices': [0, 23]}]",,,,,,,,,,,,,,,,,,,,,,,,,,,,,,,,,,,,,,,,,,,,,,,,,,,,,,,,,,,,,,,,,,,,,,,,,,
2020-10-12 13:54:04+00:00,Mon Oct 12 13:54:04 +0000 2020,1315651955507642368,1315651955507642368,Just gonna be the one to say it.. @henrikfisker is being fully transparent with us.. NOTHING is left out.. every bi‚Ä¶ https://t.co/xQil1McCV0,True,"<a href=""http://twitter.com/download/iphone"" rel=""nofollow"">Twitter for iPhone</a>",,,,,,,,,,True,0,1,False,False,False,en,[],[],"[{'screen_name': 'henrikfisker', 'name': 'Henrik Fisker', 'id': 18484314, 'id_str': '18484314', 'indices': [34, 47]}]","[{'url': 'https://t.co/xQil1McCV0', 'expanded_url': 'https://twitter.com/i/web/status/1315651955507642368', 'display_url': 'twitter.com/i/web/status/1‚Ä¶', 'indices': [117, 140]}]",,,en,recent,1060955402764832768,1060955402764832768,MikeyTrader,quatz6,"New York, USA",‚ÄúInvesting isn‚Äôt about beating others at their game. It‚Äôs about controlling yourself at your own game.‚Äù,,[],False,506,130,9,Fri Nov 09 18:00:54 +0000 2018,8730,,,False,False,5873,,False,False,False,F5F8FA,,,False,http://pbs.twimg.com/profile_images/1287882482390568963/0kUn3oKh_normal.jpg,https://pbs.twimg.com/profile_images/1287882482390568963/0kUn3oKh_normal.jpg,,1DA1F2,C0DEED,DDEEF6,333333,True,False,True,False,False,False,False,none,,,,,,,,,,,,,,,,,,,,,,,,,,,,,,,,,,,,,,,,,,,,,,,,,,,,,,,,,,,,,,,,,,,,,,,,,2020-10-12 13:54:04,2020-10-12 16:55:10,,,1.3156386119964058e+18,1315638611996405765,Mon Oct 12 13:01:03 +0000 2020,1.3156386119964058e+18,1315638611996405765,"Taken legal action against a former #badactor employee- violated our policies, stole company docs. Now trying to di‚Ä¶ https://t.co/lyTjoo8kjC",True,"[{'text': 'badactor', 'indices': [36, 45]}]",[],[],"[{'url': 'https://t.co/lyTjoo8kjC', 'expanded_url': 'https://twitter.com/i/web/status/1315638611996405765', 'display_url': 'twitter.com/i/web/status/1‚Ä¶', 'indices': [117, 140]}]",en,recent,"<a href=""http://twitter.com/download/iphone"" rel=""nofollow"">Twitter for iPhone</a>",,,,,,18484314.0,18484314,Henrik Fisker,henrikfisker,"Los Angeles, CA","Husband, Father, Risk taking, innovation loving, protocol challenging designer & entrepreneur who turns dreams into reality, & never gives up.",https://t.co/wviaXxs3H3,"[{'url': 'https://t.co/wviaXxs3H3', 'expanded_url': 'http://fiskerinc.com', 'display_url': 'fiskerinc.com', 'indices': [0, 23]}]",[],False,62643.0,30.0,782.0,Tue Dec 30 18:44:40 +0000 2008,201.0,,,True,True,3181.0,,False,False,False,131516,http://abs.twimg.com/images/themes/theme14/bg.gif,https://abs.twimg.com/images/themes/theme14/bg.gif,False,http://pbs.twimg.com/profile_images/1130139659055448069/YtuWE24e_normal.jpg,https://pbs.twimg.com/profile_images/1130139659055448069/YtuWE24e_normal.jpg,https://pbs.twimg.com/profile_banners/18484314/1474834238,1B95E0,FFFFFF,000000,C2980E,True,True,False,False,False,False,False,none,,,,,False,25.0,301.0,False,False,False,en
2020-10-12 13:53:52+00:00,Mon Oct 12 13:53:52 +0000 2020,1315651906119884800,1315651906119884800,"$ITOX
$idex $fb $spy $tsla $nkla $aapl $aal $vxrt $xspa $ktov $chfs $ntec $msft $snss $nio $sint $uavs $amzn $nkla‚Ä¶ https://t.co/4pw6GKG64m",True,"<a href=""http://twitter.com/download/android"" rel=""nofollow"">Twitter for Android</a>",,,,,,,,,,False,0,0,False,False,False,und,[],"[{'text': 'ITOX', 'indices': [0, 5]}, {'text': 'idex', 'indices': [6, 11]}, {'text': 'fb', 'indices': [12, 15]}, {'text': 'spy', 'indices': [16, 20]}, {'text': 'tsla', 'indices': [21, 26]}, {'text': 'nkla', 'indices': [27, 32]}, {'text': 'aapl', 'indices': [33, 38]}, {'text': 'aal', 'indices': [39, 43]}, {'text': 'vxrt', 'indices': [44, 49]}, {'text': 'xspa', 'indices': [50, 55]}, {'text': 'ktov', 'indices': [56, 61]}, {'text': 'chfs', 'indices': [62, 67]}, {'text': 'ntec', 'indices': [68, 73]}, {'text': 'msft', 'indices': [74, 79]}, {'text': 'snss', 'indices': [80, 85]}, {'text': 'nio', 'indices': [86, 90]}, {'text': 'sint', 'indices': [91, 96]}, {'text': 'uavs', 'indices': [97, 102]}, {'text': 'amzn', 'indices': [103, 108]}, {'text': 'nkla', 'indices': [109, 114]}]",[],"[{'url': 'https://t.co/4pw6GKG64m', 'expanded_url': 'https://twitter.com/i/web/status/1315651906119884800', 'display_url': 'twitter.com/i/web/status/1‚Ä¶', 'indices': [116, 139]}]",,,und,recent,943836257125150720,943836257125150720,trade alarts with ideas,stock_invester7,United States,Our Vision Is To Empower Investors To Achieve Financial Freedom!,https://t.co/uAoUxhN9wK,[],False,684,109,11,Thu Dec 21 13:31:14 +0000 2017,36,,,False,False,6368,,False,False,False,F5F8FA,,,False,http://pbs.twimg.com/profile_images/1281582815109214208/L0r3kPoI_normal.jpg,https://pbs.twimg.com/profile_images/1281582815109214208/L0r3kPoI_normal.jpg,https://pbs.twimg.com/profile_banners/943836257125150720/1593354651,1DA1F2,C0DEED,DDEEF6,333333,True,True,True,False,False,False,False,none,,,,,,,,,,,,,,,,,,,,,,,,,,,,,,,,,,,,,,,,,,,,,,,,,,,,,,,,,,,,,,,,,,,,,,,,,2020-10-12 13:53:52,2020-10-12 16:55:10,"[{'url': 'https://t.co/uAoUxhN9wK', 'expanded_url': 'https://discord.gg/afWzfrb', 'display_url': 'discord.gg/afWzfrb', 'indices': [0, 23]}]",,,,,,,,,,,,,,,,,,,,,,,,,,,,,,,,,,,,,,,,,,,,,,,,,,,,,,,,,,,,,,,,,,,,,,,,,,
2020-10-12 13:53:19+00:00,Mon Oct 12 13:53:19 +0000 2020,1315651768194265088,1315651768194265088,$ATVK AND $AAGC HOT OCTOBER STOCKS !! $nwbo $stwc $nspx $dsgt $cbbt $psco $uapc $couv $cnct $nuvi $aagc $xfls $etfm‚Ä¶ https://t.co/POEi60nAMP,True,"<a href=""https://mobile.twitter.com"" rel=""nofollow"">Twitter Web App</a>",,,,,,,,,,False,0,0,False,False,False,en,[],"[{'text': 'ATVK', 'indices': [0, 5]}, {'text': 'AAGC', 'indices': [10, 15]}, {'text': 'nwbo', 'indices': [38, 43]}, {'text': 'stwc', 'indices': [44, 49]}, {'text': 'nspx', 'indices': [50, 55]}, {'text': 'dsgt', 'indices': [56, 61]}, {'text': 'cbbt', 'indices': [62, 67]}, {'text': 'psco', 'indices': [68, 73]}, {'text': 'uapc', 'indices': [74, 79]}, {'text': 'couv', 'indices': [80, 85]}, {'text': 'cnct', 'indices': [86, 91]}, {'text': 'nuvi', 'indices': [92, 97]}, {'text': 'aagc', 'indices': [98, 103]}, {'text': 'xfls', 'indices': [104, 109]}, {'text': 'etfm', 'indices': [110, 115]}]",[],"[{'url': 'https://t.co/POEi60nAMP', 'expanded_url': 'https://twitter.com/i/web/status/1315651768194265088', 'display_url': 'twitter.com/i/web/status/1‚Ä¶', 'indices': [117, 140]}]",,,en,recent,1251259298585309184,1251259298585309184,üç∫GENERAL.ZODüíä,mando2250,,"STOCK TRADING, GENERATING MONEY FROM TOTAL DISASTER",,[],False,627,721,3,Fri Apr 17 21:20:50 +0000 2020,378,,,False,False,6353,,False,False,False,F5F8FA,,,False,http://pbs.twimg.com/profile_images/1299391546156965888/_FN8O5ye_normal.jpg,https://pbs.twimg.com/profile_images/1299391546156965888/_FN8O5ye_normal.jpg,https://pbs.twimg.com/profile_banners/1251259298585309184/1589230740,1DA1F2,C0DEED,DDEEF6,333333,True,True,True,False,False,False,False,none,,,,,,,,,,,,,,,,,,,,,,,,,,,,,,,,,,,,,,,,,,,,,,,,,,,,,,,,,,,,,,,,,,,,,,,,,2020-10-12 13:53:19,2020-10-12 16:55:10,,,,,,,,,,,,,,,,,,,,,,,,,,,,,,,,,,,,,,,,,,,,,,,,,,,,,,,,,,,,,,,,,,,,,,,,,,,
2020-10-12 13:53:12+00:00,Mon Oct 12 13:53:12 +0000 2020,1315651735503990784,1315651735503990784,"@3_Green_CandIes hahaha.....

the #Robinhood $2.5K acct's got shook out pre market

there is HUGE WEIGHT buying now‚Ä¶ https://t.co/nslM4n4squ",True,"<a href=""https://mobile.twitter.com"" rel=""nofollow"">Twitter Web App</a>",1.3156498946279956e+18,1315649894627995649,1.2865267024876626e+18,1286526702487662592,3_Green_CandIes,,,,,False,0,1,False,False,False,en,"[{'text': 'Robinhood', 'indices': [34, 44]}]",[],"[{'screen_name': '3_Green_CandIes', 'name': '3 Green Candles', 'id': 1286526702487662592, 'id_str': '1286526702487662592', 'indices': [0, 16]}]","[{'url': 'https://t.co/nslM4n4squ', 'expanded_url': 'https://twitter.com/i/web/status/1315651735503990784', 'display_url': 'twitter.com/i/web/status/1‚Ä¶', 'indices': [117, 140]}]",,,en,recent,1304681547291865088,1304681547291865088,N. Kadola,kadola_n,,Something's Up,,[],False,46,135,1,Sat Sep 12 07:21:41 +0000 2020,52,,,False,False,1915,,False,False,False,F5F8FA,,,False,http://pbs.twimg.com/profile_images/1304681936640782337/uDafQQMO_normal.jpg,https://pbs.twimg.com/profile_images/1304681936640782337/uDafQQMO_normal.jpg,,1DA1F2,C0DEED,DDEEF6,333333,True,True,True,False,False,False,False,none,,,,,,,,,,,,,,,,,,,,,,,,,,,,,,,,,,,,,,,,,,,,,,,,,,,,,,,,,,,,,,,,,,,,,,,,,2020-10-12 13:53:12,2020-10-12 16:55:10,,,,,,,,,,,,,,,,,,,,,,,,,,,,,,,,,,,,,,,,,,,,,,,,,,,,,,,,,,,,,,,,,,,,,,,,,,,
2020-10-12 13:53:11+00:00,Mon Oct 12 13:53:11 +0000 2020,1315651734895652864,1315651734895652864,"It‚Äôs really amazing Place,
Lot of thanks to this community...üëá 
https://t.co/NrFvsr0dVj

$TCEHY $RKT $FB $UBER $AYX‚Ä¶ https://t.co/aHDOQZVaW4",True,"<a href=""http://twitter.com/download/android"" rel=""nofollow"">Twitter for Android</a>",,,,,,,,,,False,0,0,False,False,False,en,[],"[{'text': 'TCEHY', 'indices': [89, 95]}, {'text': 'RKT', 'indices': [96, 100]}, {'text': 'FB', 'indices': [101, 104]}, {'text': 'UBER', 'indices': [105, 110]}, {'text': 'AYX', 'indices': [111, 115]}]",[],"[{'url': 'https://t.co/NrFvsr0dVj', 'expanded_url': 'https://discord.gg/9BKMRJc', 'display_url': 'discord.gg/9BKMRJc', 'indices': [64, 87]}, {'url': 'https://t.co/aHDOQZVaW4', 'expanded_url': 'https://twitter.com/i/web/status/1315651734895652864', 'display_url': 'twitter.com/i/web/status/1‚Ä¶', 'indices': [117, 140]}]",,,en,recent,1294356362554556416,1294356362554556416,Jhon trade,JhonTrade,,"stock, crypto, option trader and marketer",,[],False,149,80,1,Fri Aug 14 19:33:13 +0000 2020,7,,,False,False,3055,,False,False,False,F5F8FA,,,False,http://pbs.twimg.com/profile_images/1294356857943801856/1VRSVFLy_normal.jpg,https://pbs.twimg.com/profile_images/1294356857943801856/1VRSVFLy_normal.jpg,,1DA1F2,C0DEED,DDEEF6,333333,True,True,True,False,False,False,False,none,,,,,,,,,,,,,,,,,,,,,,,,,,,,,,,,,,,,,,,,,,,,,,,,,,,,,,,,,,,,,,,,,,,,,,,,,2020-10-12 13:53:11,2020-10-12 16:55:10,,,,,,,,,,,,,,,,,,,,,,,,,,,,,,,,,,,,,,,,,,,,,,,,,,,,,,,,,,,,,,,,,,,,,,,,,,,
2020-10-12 13:52:57+00:00,Mon Oct 12 13:52:57 +0000 2020,1315651676515303424,1315651676515303424,"Xtrader trades the best trading group out Discord: 
https://t.co/gLBYeX1Z3q

 $ZOM $KTOV $JAKK $IDEX $XSPA $GENE‚Ä¶ https://t.co/jQmt6vHyOh",True,"<a href=""http://twitter.com/download/android"" rel=""nofollow"">Twitter for Android</a>",,,,,,,,,,False,0,0,False,False,False,in,[],"[{'text': 'ZOM', 'indices': [78, 82]}, {'text': 'KTOV', 'indices': [83, 88]}, {'text': 'JAKK', 'indices': [89, 94]}, {'text': 'IDEX', 'indices': [95, 100]}, {'text': 'XSPA', 'indices': [101, 106]}, {'text': 'GENE', 'indices': [107, 112]}]",[],"[{'url': 'https://t.co/gLBYeX1Z3q', 'expanded_url': 'https://discord.gg/afWzfrb', 'display_url': 'discord.gg/afWzfrb', 'indices': [52, 75]}, {'url': 'https://t.co/jQmt6vHyOh', 'expanded_url': 'https://twitter.com/i/web/status/1315651676515303424', 'display_url': 'twitter.com/i/web/status/1‚Ä¶', 'indices': [114, 137]}]",,,in,recent,943836257125150720,943836257125150720,trade alarts with ideas,stock_invester7,United States,Our Vision Is To Empower Investors To Achieve Financial Freedom!,https://t.co/uAoUxhN9wK,[],False,684,109,11,Thu Dec 21 13:31:14 +0000 2017,36,,,False,False,6368,,False,False,False,F5F8FA,,,False,http://pbs.twimg.com/profile_images/1281582815109214208/L0r3kPoI_normal.jpg,https://pbs.twimg.com/profile_images/1281582815109214208/L0r3kPoI_normal.jpg,https://pbs.twimg.com/profile_banners/943836257125150720/1593354651,1DA1F2,C0DEED,DDEEF6,333333,True,True,True,False,False,False,False,none,,,,,,,,,,,,,,,,,,,,,,,,,,,,,,,,,,,,,,,,,,,,,,,,,,,,,,,,,,,,,,,,,,,,,,,,,2020-10-12 13:52:57,2020-10-12 16:55:10,"[{'url': 'https://t.co/uAoUxhN9wK', 'expanded_url': 'https://discord.gg/afWzfrb', 'display_url': 'discord.gg/afWzfrb', 'indices': [0, 23]}]",,,,,,,,,,,,,,,,,,,,,,,,,,,,,,,,,,,,,,,,,,,,,,,,,,,,,,,,,,,,,,,,,,,,,,,,,,
2020-10-12 13:52:49+00:00,Mon Oct 12 13:52:49 +0000 2020,1315651641106980866,1315651641106980866,When I realize how much of my portfolio is $SPAQ üò≥üòÇ,False,"<a href=""http://twitter.com/download/iphone"" rel=""nofollow"">Twitter for iPhone</a>",,,,,,,,,,False,0,0,False,False,,en,[],"[{'text': 'SPAQ', 'indices': [43, 48]}]",[],[],,,en,recent,1297926661548265473,1297926661548265473,MarketMan23,Man23Market,,"23 Year Old Trader: Not a financial advisor, based on my opinion and DD üíØ. Lets make each other rich üí∞",,[],False,45,49,0,Mon Aug 24 16:00:19 +0000 2020,1462,,,False,False,500,,False,False,False,F5F8FA,,,False,http://pbs.twimg.com/profile_images/1297927110997270530/trIr5eUg_normal.jpg,https://pbs.twimg.com/profile_images/1297927110997270530/trIr5eUg_normal.jpg,https://pbs.twimg.com/profile_banners/1297926661548265473/1600526291,1DA1F2,C0DEED,DDEEF6,333333,True,True,True,False,False,False,False,none,,,,,,,,,,,,,,,,,,,,,,,,,,,,,,,,,,,,,,,,,,,,,,,,,,,,,,,,,,,,,,,,,,,,,,,,,2020-10-12 13:52:49,2020-10-12 16:55:10,,,,,,,,,,,,,,,,,,,,,,,,,,,,,,,,,,,,,,,,,,,,,,,,,,,,,,,,,,,,,,,,,,,,,,,,,,,
2020-10-12 13:52:32+00:00,Mon Oct 12 13:52:32 +0000 2020,1315651569338130432,1315651569338130432,$DKMR Xtreme Fighting #Championships partners with #GoTV Live; Creates unique #XFCChannel with exclusive #XFC conte‚Ä¶ https://t.co/XSmVHa4IvQ,True,"<a href=""https://about.twitter.com/products/tweetdeck"" rel=""nofollow"">TweetDeck</a>",,,,,,,,,,False,0,0,False,False,False,en,"[{'text': 'Championships', 'indices': [22, 36]}, {'text': 'GoTV', 'indices': [51, 56]}, {'text': 'XFCChannel', 'indices': [78, 89]}, {'text': 'XFC', 'indices': [105, 109]}]","[{'text': 'DKMR', 'indices': [0, 5]}]",[],"[{'url': 'https://t.co/XSmVHa4IvQ', 'expanded_url': 'https://twitter.com/i/web/status/1315651569338130432', 'display_url': 'twitter.com/i/web/status/1‚Ä¶', 'indices': [117, 140]}]",,,en,recent,1083567738264576000,1083567738264576000,FRONTPAGESTOCKS ARMYüì¢,FrontPageArmy,"Talisay City, Central Visayas",Our site and social media community exist to provide a forum for smaller companies to tell their story to individual investors. https://t.co/1TBice1Knj,,"[{'url': 'https://t.co/1TBice1Knj', 'expanded_url': 'http://www.frontpagestocks.com/', 'display_url': 'frontpagestocks.com', 'indices': [128, 151]}]",False,422,0,6,Fri Jan 11 03:34:15 +0000 2019,0,,,False,False,6783,,False,False,False,F5F8FA,,,False,http://pbs.twimg.com/profile_images/1083680948376416256/qSFUxTG8_normal.jpg,https://pbs.twimg.com/profile_images/1083680948376416256/qSFUxTG8_normal.jpg,https://pbs.twimg.com/profile_banners/1083567738264576000/1548697770,1DA1F2,C0DEED,DDEEF6,333333,True,True,True,False,False,False,False,none,,,,,,,,,,,,,,,,,,,,,,,,,,,,,,,,,,,,,,,,,,,,,,,,,,,,,,,,,,,,,,,,,,,,,,,,,2020-10-12 13:52:32,2020-10-12 16:55:10,,,,,,,,,,,,,,,,,,,,,,,,,,,,,,,,,,,,,,,,,,,,,,,,,,,,,,,,,,,,,,,,,,,,,,,,,,,
2020-10-12 13:51:58+00:00,Mon Oct 12 13:51:58 +0000 2020,1315651428782809088,1315651428782809088,"$SPAQ red to green set up for a MAJOR run into this week‚Äôs announcement.   

$MDLY $HUSN $APEX $IPOB",False,"<a href=""http://twitter.com/download/iphone"" rel=""nofollow"">Twitter for iPhone</a>",,,,,,,,,,False,0,0,False,False,,en,[],"[{'text': 'SPAQ', 'indices': [0, 5]}, {'text': 'MDLY', 'indices': [77, 82]}, {'text': 'HUSN', 'indices': [83, 88]}, {'text': 'APEX', 'indices': [89, 94]}, {'text': 'IPOB', 'indices': [95, 100]}]",[],[],,,en,recent,1269043749746692096,1269043749746692096,Trader-JOE,TraderJ95886811,,"Scared money, don‚Äôt make money.  Make your üí¥ grow.  GET RICH!   Always do your DD.  WHOS ready to make üè¶",,[],False,1146,329,14,Fri Jun 05 23:09:57 +0000 2020,8348,,,False,False,12241,,False,False,False,F5F8FA,,,False,http://pbs.twimg.com/profile_images/1271800848289370114/tpiEVLg5_normal.jpg,https://pbs.twimg.com/profile_images/1271800848289370114/tpiEVLg5_normal.jpg,https://pbs.twimg.com/profile_banners/1269043749746692096/1591645407,1DA1F2,C0DEED,DDEEF6,333333,True,True,True,False,False,False,False,none,,,,,,,,,,,,,,,,,,,,,,,,,,,,,,,,,,,,,,,,,,,,,,,,,,,,,,,,,,,,,,,,,,,,,,,,,2020-10-12 13:51:58,2020-10-12 16:52:14,,,,,,,,,,,,,,,,,,,,,,,,,,,,,,,,,,,,,,,,,,,,,,,,,,,,,,,,,,,,,,,,,,,,,,,,,,,
2020-10-12 13:51:58+00:00,Mon Oct 12 13:51:58 +0000 2020,1315651428644519936,1315651428644519936,RT @gurgavin: IF $SPAQ HITS $30 BEFORE THIS FRIDAY ( OCT 16TH ) ONE OF YOU WHO RETWEETS THIS WILL GET $4500 PAYPAL (MUST BE FOLLOWING ME )üòà‚Ä¶,False,"<a href=""http://twitter.com/download/iphone"" rel=""nofollow"">Twitter for iPhone</a>",,,,,,,,,,False,43,0,False,False,,en,[],"[{'text': 'SPAQ', 'indices': [17, 22]}]","[{'screen_name': 'gurgavin', 'name': 'Gurgavin Chandhoke', 'id': 109813243, 'id_str': '109813243', 'indices': [3, 12]}]",[],,,en,recent,2384176860,2384176860,panchovilla,jacob_dunaway19,IRVINE kentucky,army,,[],False,714,505,1,Tue Mar 11 20:41:07 +0000 2014,1017,,,False,False,2403,,False,False,False,C0DEED,http://abs.twimg.com/images/themes/theme1/bg.png,https://abs.twimg.com/images/themes/theme1/bg.png,False,http://pbs.twimg.com/profile_images/1287521399238787074/qwWu4qrg_normal.jpg,https://pbs.twimg.com/profile_images/1287521399238787074/qwWu4qrg_normal.jpg,https://pbs.twimg.com/profile_banners/2384176860/1583904964,1DA1F2,C0DEED,DDEEF6,333333,True,True,True,False,False,False,False,none,Sat Oct 10 20:06:43 +0000 2020,1.3150209623713382e+18,1315020962371338241,IF $SPAQ HITS $30 BEFORE THIS FRIDAY ( OCT 16TH ) ONE OF YOU WHO RETWEETS THIS WILL GET $4500 PAYPAL (MUST BE FOLLO‚Ä¶ https://t.co/fu6bPva4KK,True,[],"[{'text': 'SPAQ', 'indices': [3, 8]}]",[],"[{'url': 'https://t.co/fu6bPva4KK', 'expanded_url': 'https://twitter.com/i/web/status/1315020962371338241', 'display_url': 'twitter.com/i/web/status/1‚Ä¶', 'indices': [117, 140]}]",,,en,recent,"<a href=""http://twitter.com/download/iphone"" rel=""nofollow"">Twitter for iPhone</a>",,,,,,109813243.0,109813243,Gurgavin Chandhoke,gurgavin,"Toronto, Ontario",| DAY TRADER | FOODIE | TECHNOPRENEUR | GLOBAL NOMAD | NOT A FINANCIAL ADVISOR | TWEETS ARE MY OPINIONS DO YOUR RESEARCH BEFORE INVESTING $SPAQ $LCA,https://t.co/rF526ePCam,[],False,620.0,1463.0,5.0,Sat Jan 30 10:32:11 +0000 2010,1424.0,,,True,False,1999.0,,False,False,False,C0DEED,http://abs.twimg.com/images/themes/theme1/bg.png,https://abs.twimg.com/images/themes/theme1/bg.png,False,http://pbs.twimg.com/profile_images/1285428612066238465/-jVXD0go_normal.jpg,https://pbs.twimg.com/profile_images/1285428612066238465/-jVXD0go_normal.jpg,https://pbs.twimg.com/profile_banners/109813243/1595304539,1DA1F2,C0DEED,DDEEF6,333333,True,False,True,False,False,False,False,none,,,,,False,43.0,24.0,False,False,,en,2020-10-12 13:51:58,2020-10-12 16:52:14,,"[{'url': 'https://t.co/rF526ePCam', 'expanded_url': 'http://GURGAVIN.COM', 'display_url': 'GURGAVIN.COM', 'indices': [0, 23]}]",,,,,,,,,,,,,,,,,,,,,,,,,,,,,,,,,,,,,,,,,,,,,,,,,,,,,,,,,,,,,,,,,,,,,,,,,
2020-10-12 13:51:08+00:00,Mon Oct 12 13:51:08 +0000 2020,1315651215481397249,1315651215481397249,"RT @warrior16win: $JADA you don‚Äôt want to be out of this pink current, 2.5 M float monster when the 8k/ PR #merger pop üöÄ 

üü¢ Gems üíé $ADGS $‚Ä¶",False,"<a href=""http://twitter.com/download/android"" rel=""nofollow"">Twitter for Android</a>",,,,,,,,,,False,3,0,False,False,,en,"[{'text': 'merger', 'indices': [107, 114]}]","[{'text': 'JADA', 'indices': [18, 23]}, {'text': 'ADGS', 'indices': [132, 137]}]","[{'screen_name': 'warrior16win', 'name': 'D$BANK777', 'id': 227216564, 'id_str': '227216564', 'indices': [3, 16]}]",[],,,en,recent,88328453,88328453,Shawn,shawonsarker84,,An investor and Senior Financial Analyst with oil gas experience over 14 years. Welcome to the investor center and Thanks for vote of confidence. #Banktank.,,[],False,1803,946,13,Sun Nov 08 02:21:17 +0000 2009,18105,,,False,False,5695,,False,False,False,C0DEED,http://abs.twimg.com/images/themes/theme1/bg.png,https://abs.twimg.com/images/themes/theme1/bg.png,False,http://pbs.twimg.com/profile_images/1314371095491825666/cm9N0-V6_normal.jpg,https://pbs.twimg.com/profile_images/1314371095491825666/cm9N0-V6_normal.jpg,https://pbs.twimg.com/profile_banners/88328453/1594448448,1DA1F2,C0DEED,DDEEF6,333333,True,False,True,False,False,False,False,none,Mon Oct 12 13:28:07 +0000 2020,1.315645423227269e+18,1315645423227269120,"$JADA you don‚Äôt want to be out of this pink current, 2.5 M float monster when the 8k/ PR #merger pop üöÄ 

üü¢ Gems üíé‚Ä¶ https://t.co/t51fD5kXFS",True,"[{'text': 'merger', 'indices': [89, 96]}]","[{'text': 'JADA', 'indices': [0, 5]}]",[],"[{'url': 'https://t.co/t51fD5kXFS', 'expanded_url': 'https://twitter.com/i/web/status/1315645423227269120', 'display_url': 'twitter.com/i/web/status/1‚Ä¶', 'indices': [115, 138]}]",,,en,recent,"<a href=""http://twitter.com/download/iphone"" rel=""nofollow"">Twitter for iPhone</a>",,,,,,227216564.0,227216564,D$BANK777,warrior16win,Banktank,#1 @twitter Stock Pick Alert$ üö®#BanktanküíéTrading ~ #CRYPTO $BTC $LINK $NMR $ZEC ~Top dd OTC Merger$ üöÄThis is not lnvestment Advices $JADA $AIMH $ADGS $TONJ ‚ôü,,[],False,6638.0,4358.0,73.0,Thu Dec 16 06:43:37 +0000 2010,65472.0,,,True,False,55831.0,,False,False,False,C0DEED,http://abs.twimg.com/images/themes/theme1/bg.png,https://abs.twimg.com/images/themes/theme1/bg.png,False,http://pbs.twimg.com/profile_images/1229461049314693120/m59aL4M1_normal.jpg,https://pbs.twimg.com/profile_images/1229461049314693120/m59aL4M1_normal.jpg,https://pbs.twimg.com/profile_banners/227216564/1585424680,1DA1F2,C0DEED,DDEEF6,333333,True,False,True,False,False,False,False,none,,,,,False,3.0,6.0,False,False,False,en,2020-10-12 13:51:08,2020-10-12 16:52:14,,,,,,,,,,,,,,,,,,,,,,,,,,,,,,,,,,,,,,,,,,,,,,,,,,,,,,,,,,,,,,,,,,,,,,,,,,,
2020-10-12 13:51:07+00:00,Mon Oct 12 13:51:07 +0000 2020,1315651214231691264,1315651214231691264,$spaq $hyln just loaded the fuck up,False,"<a href=""http://twitter.com/download/iphone"" rel=""nofollow"">Twitter for iPhone</a>",,,,,,,,,,False,0,0,False,False,,en,[],"[{'text': 'spaq', 'indices': [0, 5]}, {'text': 'hyln', 'indices': [6, 11]}]",[],[],,,en,recent,1209913266031546369,1209913266031546369,Buy Tha Dip,Buythadip,,"Bullish . My tweets are not recommendations to buy or sell . And remember, always BUY THA DIP",,[],False,49,116,0,Wed Dec 25 19:06:28 +0000 2019,220,,,False,False,341,,False,False,False,F5F8FA,,,False,http://pbs.twimg.com/profile_images/1313969216127733760/TenR98Sz_normal.jpg,https://pbs.twimg.com/profile_images/1313969216127733760/TenR98Sz_normal.jpg,,1DA1F2,C0DEED,DDEEF6,333333,True,True,True,False,False,False,False,none,,,,,,,,,,,,,,,,,,,,,,,,,,,,,,,,,,,,,,,,,,,,,,,,,,,,,,,,,,,,,,,,,,,,,,,,,2020-10-12 13:51:07,2020-10-12 16:52:14,,,,,,,,,,,,,,,,,,,,,,,,,,,,,,,,,,,,,,,,,,,,,,,,,,,,,,,,,,,,,,,,,,,,,,,,,,,
2020-10-12 13:50:03+00:00,Mon Oct 12 13:50:03 +0000 2020,1315650944437231618,1315650944437231618,"It is somehow okay to hint with gifs surrounding positive speculation. About lawsuits, thats another matter. Either‚Ä¶ https://t.co/28jas6bzOF",True,"<a href=""http://twitter.com/download/android"" rel=""nofollow"">Twitter for Android</a>",,,,,,,,,,False,0,0,False,False,,en,[],[],[],"[{'url': 'https://t.co/28jas6bzOF', 'expanded_url': 'https://twitter.com/i/web/status/1315650944437231618', 'display_url': 'twitter.com/i/web/status/1‚Ä¶', 'indices': [117, 140]}]",,,en,recent,797827519185649664,797827519185649664,Henning Andersson,HenningAnderss4,,No financial advise. Amateur speculations/guesses about stocks. I am prepared to be wrong most of the time.,,[],False,11,146,0,Sun Nov 13 15:44:38 +0000 2016,1,,,False,False,6,,False,False,False,F5F8FA,,,False,http://pbs.twimg.com/profile_images/811667878848110594/00CqpHQH_normal.jpg,https://pbs.twimg.com/profile_images/811667878848110594/00CqpHQH_normal.jpg,,1DA1F2,C0DEED,DDEEF6,333333,True,True,True,False,False,False,False,none,,,,,,,,,,,,,,,,,,,,,,,,,,,,,,,,,,,,,,,,,,,,,,,,,,,,,,,,,,,,,,,,,,,,,,,,,2020-10-12 13:50:03,2020-10-12 16:52:14,,,,,,,,,,,,,,,,,,,,,,,,,,,,,,,,,,,,,,,,,,,,,,,,,,,,,,,,,,,,,,,,,,,,,,,,,,,
2020-10-12 13:50:00+00:00,Mon Oct 12 13:50:00 +0000 2020,1315650931527020545,1315650931527020545,$idex $shll $vvpr $cbat $boxl $cei $srne $uavs $sunw $dkng $lca $aal $msft $xspa $wwr $penn $nkla $nio $gme $opti‚Ä¶ https://t.co/RWnGGcdTTS,True,"<a href=""https://mobile.twitter.com"" rel=""nofollow"">Twitter Web App</a>",,,,,,,,,,False,0,0,False,False,,en,[],"[{'text': 'idex', 'indices': [0, 5]}, {'text': 'shll', 'indices': [6, 11]}, {'text': 'vvpr', 'indices': [12, 17]}, {'text': 'cbat', 'indices': [18, 23]}, {'text': 'boxl', 'indices': [24, 29]}, {'text': 'cei', 'indices': [30, 34]}, {'text': 'srne', 'indices': [35, 40]}, {'text': 'uavs', 'indices': [41, 46]}, {'text': 'sunw', 'indices': [47, 52]}, {'text': 'dkng', 'indices': [53, 58]}, {'text': 'lca', 'indices': [59, 63]}, {'text': 'aal', 'indices': [64, 68]}, {'text': 'msft', 'indices': [69, 74]}, {'text': 'xspa', 'indices': [75, 80]}, {'text': 'wwr', 'indices': [81, 85]}, {'text': 'penn', 'indices': [86, 91]}, {'text': 'nkla', 'indices': [92, 97]}, {'text': 'nio', 'indices': [98, 102]}, {'text': 'gme', 'indices': [103, 107]}, {'text': 'opti', 'indices': [108, 113]}]",[],"[{'url': 'https://t.co/RWnGGcdTTS', 'expanded_url': 'https://twitter.com/i/web/status/1315650931527020545', 'display_url': 'twitter.com/i/web/status/1‚Ä¶', 'indices': [115, 138]}]",,,en,recent,1244864492,1244864492,The Right Stock Alerts,RightAlerts,,We find the best stocks daily by applying TA and extensive research. Click on our website to receive premium stock alerts for only $15!,https://t.co/oVxAgTT3JV,[],False,4412,61,47,Tue Mar 05 23:46:06 +0000 2013,1377,,,False,False,12210,,False,False,False,C0DEED,http://abs.twimg.com/images/themes/theme1/bg.png,https://abs.twimg.com/images/themes/theme1/bg.png,False,http://pbs.twimg.com/profile_images/1279127666071875586/lYoV0m3M_normal.jpg,https://pbs.twimg.com/profile_images/1279127666071875586/lYoV0m3M_normal.jpg,,1DA1F2,C0DEED,DDEEF6,333333,True,False,True,False,False,False,False,none,,,,,,,,,,,,,,,,,,,,,,,,,,,,,,,,,,,,,,,,,,,,,,,,,,,,,,,,,,,,,,,,,,,,,,,,,2020-10-12 13:50:00,2020-10-12 16:52:14,"[{'url': 'https://t.co/oVxAgTT3JV', 'expanded_url': 'https://www.therightstockalerts.com/', 'display_url': 'therightstockalerts.com', 'indices': [0, 23]}]",,,,,,,,,,,,,,,,,,,,,,,,,,,,,,,,,,,,,,,,,,,,,,,,,,,,,,,,,,,,,,,,,,,,,,,,,,
2020-10-12 13:49:05+00:00,Mon Oct 12 13:49:05 +0000 2020,1315650701415063553,1315650701415063553,"RT @warrior16win: $JADA you don‚Äôt want to be out of this pink current, 2.5 M float monster when the 8k/ PR #merger pop üöÄ 

üü¢ Gems üíé $ADGS $‚Ä¶",False,"<a href=""https://www.google.ca/?gws_rd=ssl#q=build a twitter bot"" rel=""nofollow"">twitterbot2017abc</a>",,,,,,,,,,False,2,0,False,False,,en,"[{'text': 'merger', 'indices': [107, 114]}]","[{'text': 'JADA', 'indices': [18, 23]}, {'text': 'ADGS', 'indices': [132, 137]}]","[{'screen_name': 'warrior16win', 'name': 'D$BANK777', 'id': 227216564, 'id_str': '227216564', 'indices': [3, 16]}]",[],,,en,recent,837671390325145601,837671390325145601,Barry,Barry69104159,,,,[],False,278,2,25,Fri Mar 03 14:29:57 +0000 2017,0,,,False,False,53345,,False,False,False,F5F8FA,,,False,http://abs.twimg.com/sticky/default_profile_images/default_profile_normal.png,https://abs.twimg.com/sticky/default_profile_images/default_profile_normal.png,,1DA1F2,C0DEED,DDEEF6,333333,True,False,True,True,False,False,False,none,Mon Oct 12 13:28:07 +0000 2020,1.315645423227269e+18,1315645423227269120,"$JADA you don‚Äôt want to be out of this pink current, 2.5 M float monster when the 8k/ PR #merger pop üöÄ 

üü¢ Gems üíé‚Ä¶ https://t.co/t51fD5kXFS",True,"[{'text': 'merger', 'indices': [89, 96]}]","[{'text': 'JADA', 'indices': [0, 5]}]",[],"[{'url': 'https://t.co/t51fD5kXFS', 'expanded_url': 'https://twitter.com/i/web/status/1315645423227269120', 'display_url': 'twitter.com/i/web/status/1‚Ä¶', 'indices': [115, 138]}]",,,en,recent,"<a href=""http://twitter.com/download/iphone"" rel=""nofollow"">Twitter for iPhone</a>",,,,,,227216564.0,227216564,D$BANK777,warrior16win,Banktank,#1 @twitter Stock Pick Alert$ üö®#BanktanküíéTrading ~ #CRYPTO $BTC $LINK $NMR $ZEC ~Top dd OTC Merger$ üöÄThis is not lnvestment Advices $JADA $AIMH $ADGS $TONJ ‚ôü,,[],False,6638.0,4358.0,73.0,Thu Dec 16 06:43:37 +0000 2010,65472.0,,,True,False,55831.0,,False,False,False,C0DEED,http://abs.twimg.com/images/themes/theme1/bg.png,https://abs.twimg.com/images/themes/theme1/bg.png,False,http://pbs.twimg.com/profile_images/1229461049314693120/m59aL4M1_normal.jpg,https://pbs.twimg.com/profile_images/1229461049314693120/m59aL4M1_normal.jpg,https://pbs.twimg.com/profile_banners/227216564/1585424680,1DA1F2,C0DEED,DDEEF6,333333,True,False,True,False,False,False,False,none,,,,,False,2.0,5.0,False,False,False,en,2020-10-12 13:49:05,2020-10-12 16:49:19,,,,,,,,,,,,,,,,,,,,,,,,,,,,,,,,,,,,,,,,,,,,,,,,,,,,,,,,,,,,,,,,,,,,,,,,,,,
2020-10-12 13:48:30+00:00,Mon Oct 12 13:48:30 +0000 2020,1315650554698268673,1315650554698268673,RT @FiskerInc: We're excited to announce John Finnucan as our Chief Accounting Officer. John joins us with an exceptional track record in f‚Ä¶,False,"<a href=""http://twitter.com/download/iphone"" rel=""nofollow"">Twitter for iPhone</a>",,,,,,,,,,False,17,0,False,False,,en,[],[],"[{'screen_name': 'FiskerInc', 'name': 'Fisker Inc.', 'id': 1031648001251368960, 'id_str': '1031648001251368960', 'indices': [3, 13]}]",[],,,en,recent,2310344922,2310344922,Erik Schouie,ErikSchouweile2,MnCD2 ,I ain‚Äôt done...,https://t.co/zM2XA1C8JA,[],False,1163,487,45,Sat Jan 25 16:39:53 +0000 2014,194040,,,True,False,159826,,False,False,False,C0DEED,http://abs.twimg.com/images/themes/theme1/bg.png,https://abs.twimg.com/images/themes/theme1/bg.png,False,http://pbs.twimg.com/profile_images/1054942353457401856/BvL1dHcb_normal.jpg,https://pbs.twimg.com/profile_images/1054942353457401856/BvL1dHcb_normal.jpg,https://pbs.twimg.com/profile_banners/2310344922/1592311491,0DE3D1,C0DEED,DDEEF6,333333,True,True,False,False,False,False,False,none,Mon Oct 12 13:34:17 +0000 2020,1.3156469755392123e+18,1315646975539212288,We're excited to announce John Finnucan as our Chief Accounting Officer. John joins us with an exceptional track re‚Ä¶ https://t.co/uPxDspEqTJ,True,[],[],[],"[{'url': 'https://t.co/uPxDspEqTJ', 'expanded_url': 'https://twitter.com/i/web/status/1315646975539212288', 'display_url': 'twitter.com/i/web/status/1‚Ä¶', 'indices': [117, 140]}]",,,en,recent,"<a href=""https://mobile.twitter.com"" rel=""nofollow"">Twitter Web App</a>",,,,,,1.031648001251369e+18,1031648001251368960,Fisker Inc.,FiskerInc,,American EV company. Clean Future for All. Disruptive EMobility Technologies. Strive for the world‚Äôs most sustainable vehicles.,https://t.co/9SAQoZryZc,[],False,12629.0,41.0,77.0,Mon Aug 20 21:03:45 +0000 2018,460.0,,,True,False,371.0,,False,False,False,000000,http://abs.twimg.com/images/themes/theme1/bg.png,https://abs.twimg.com/images/themes/theme1/bg.png,False,http://pbs.twimg.com/profile_images/1109166098228768769/GzsmYJKm_normal.png,https://pbs.twimg.com/profile_images/1109166098228768769/GzsmYJKm_normal.png,https://pbs.twimg.com/profile_banners/1031648001251368960/1562113169,FF691F,000000,000000,000000,False,False,False,False,False,False,False,none,,,,,False,17.0,93.0,False,False,False,en,2020-10-12 13:48:30,2020-10-12 16:49:19,"[{'url': 'https://t.co/zM2XA1C8JA', 'expanded_url': 'https://shop.spreadshirt.com/DoubleEagleGolfing/?noCache=true', 'display_url': 'shop.spreadshirt.com/DoubleEagleGol‚Ä¶', 'indices': [0, 23]}]","[{'url': 'https://t.co/9SAQoZryZc', 'expanded_url': 'https://www.fiskerinc.com/', 'display_url': 'fiskerinc.com', 'indices': [0, 23]}]",,,,,,,,,,,,,,,,,,,,,,,,,,,,,,,,,,,,,,,,,,,,,,,,,,,,,,,,,,,,,,,,,,,,,,,,,
2020-10-12 13:48:01+00:00,Mon Oct 12 13:48:01 +0000 2020,1315650431268290568,1315650431268290568,$SPAQ My god the L2 in Oct 16 $20 calls is insane! HUGE MM action in there. It‚Äôs wild to think that‚Äôs all legal but hey the rich get richer,False,"<a href=""http://twitter.com/download/iphone"" rel=""nofollow"">Twitter for iPhone</a>",,,,,,,,,,False,0,1,False,False,,en,[],"[{'text': 'SPAQ', 'indices': [0, 5]}]",[],[],,,en,recent,1308775567366520839,1308775567366520839,SPAQ Police,SPAQ_Police,SPAQ,The sole purpose of this account is to police the dangerous and growing SPAQ cult.  Please @ me when necessary.,,[],False,53,2,0,Wed Sep 23 14:29:55 +0000 2020,45,,,False,False,189,,False,False,False,F5F8FA,,,False,http://pbs.twimg.com/profile_images/1312075916076609537/H8Hv5IEt_normal.jpg,https://pbs.twimg.com/profile_images/1312075916076609537/H8Hv5IEt_normal.jpg,https://pbs.twimg.com/profile_banners/1308775567366520839/1601679433,1DA1F2,C0DEED,DDEEF6,333333,True,True,True,False,False,False,False,none,,,,,,,,,,,,,,,,,,,,,,,,,,,,,,,,,,,,,,,,,,,,,,,,,,,,,,,,,,,,,,,,,,,,,,,,,2020-10-12 13:48:01,2020-10-12 16:49:19,,,,,,,,,,,,,,,,,,,,,,,,,,,,,,,,,,,,,,,,,,,,,,,,,,,,,,,,,,,,,,,,,,,,,,,,,,,
2020-10-12 13:46:57+00:00,Mon Oct 12 13:46:57 +0000 2020,1315650164787273729,1315650164787273729,"Perfect date: ‚ùÑÔ∏è 

-Buffalo Wild Wings
-Discussing stocks 
-Buying $spaq together https://t.co/4uZlfGi5w7",False,"<a href=""http://twitter.com/download/iphone"" rel=""nofollow"">Twitter for iPhone</a>",,,,,,,,,,False,0,3,False,False,False,en,[],"[{'text': 'spaq', 'indices': [67, 72]}]",[],[],"[{'id': 1315650159250817025, 'id_str': '1315650159250817025', 'indices': [82, 105], 'media_url': 'http://pbs.twimg.com/tweet_video_thumb/EkIg2WbUwAEXeQK.jpg', 'media_url_https': 'https://pbs.twimg.com/tweet_video_thumb/EkIg2WbUwAEXeQK.jpg', 'url': 'https://t.co/4uZlfGi5w7', 'display_url': 'pic.twitter.com/4uZlfGi5w7', 'expanded_url': 'https://twitter.com/WolfOfCovid19/status/1315650164787273729/photo/1', 'type': 'photo', 'sizes': {'medium': {'w': 480, 'h': 270, 'resize': 'fit'}, 'thumb': {'w': 150, 'h': 150, 'resize': 'crop'}, 'small': {'w': 480, 'h': 270, 'resize': 'fit'}, 'large': {'w': 480, 'h': 270, 'resize': 'fit'}}}]","[{'id': 1315650159250817025, 'id_str': '1315650159250817025', 'indices': [82, 105], 'media_url': 'http://pbs.twimg.com/tweet_video_thumb/EkIg2WbUwAEXeQK.jpg', 'media_url_https': 'https://pbs.twimg.com/tweet_video_thumb/EkIg2WbUwAEXeQK.jpg', 'url': 'https://t.co/4uZlfGi5w7', 'display_url': 'pic.twitter.com/4uZlfGi5w7', 'expanded_url': 'https://twitter.com/WolfOfCovid19/status/1315650164787273729/photo/1', 'type': 'animated_gif', 'sizes': {'medium': {'w': 480, 'h': 270, 'resize': 'fit'}, 'thumb': {'w': 150, 'h': 150, 'resize': 'crop'}, 'small': {'w': 480, 'h': 270, 'resize': 'fit'}, 'large': {'w': 480, 'h': 270, 'resize': 'fit'}}, 'video_info': {'aspect_ratio': [16, 9], 'variants': [{'bitrate': 0, 'content_type': 'video/mp4', 'url': 'https://video.twimg.com/tweet_video/EkIg2WbUwAEXeQK.mp4'}]}}]",en,recent,1170140860471599104,1170140860471599104,The Wolf Of Covid19,WolfOfCovid19,"Santa Monica, CA",@w0LFp4K üê∫ .DD bloodhound and üê≥ hunter. Degree in psychology. Disclaimer:This is not advice to invest as I‚Äôm not a pro: Get gains or these hands. #KTOV,https://t.co/x60qhCaFrO,[],False,1639,192,11,Sat Sep 07 01:05:01 +0000 2019,5485,,,False,False,7729,,False,False,False,F5F8FA,,,False,http://pbs.twimg.com/profile_images/1305636301530521601/0k4rqye0_normal.jpg,https://pbs.twimg.com/profile_images/1305636301530521601/0k4rqye0_normal.jpg,https://pbs.twimg.com/profile_banners/1170140860471599104/1595149328,1DA1F2,C0DEED,DDEEF6,333333,True,True,True,False,False,False,False,none,,,,,,,,,,,,,,,,,,,,,,,,,,,,,,,,,,,,,,,,,,,,,,,,,,,,,,,,,,,,,,,,,,,,,,,,,2020-10-12 13:46:57,2020-10-12 16:49:19,"[{'url': 'https://t.co/x60qhCaFrO', 'expanded_url': 'https://us.etrade.com/home', 'display_url': 'us.etrade.com/home', 'indices': [0, 23]}]",,,,,,,,,,,,,,,,,,,,,,,,,,,,,,,,,,,,,,,,,,,,,,,,,,,,,,,,,,,,,,,,,,,,,,,,,,
2020-10-12 13:46:16+00:00,Mon Oct 12 13:46:16 +0000 2020,1315649992338542592,1315649992338542592,@henrikfisker Patience PAYS! Rome wasn't built in a day! $SPAQ $FSR https://t.co/Hm7flYGf17,False,"<a href=""http://twitter.com/download/android"" rel=""nofollow"">Twitter for Android</a>",1.3156453988836065e+18,1315645398883606530,18484314.0,18484314,henrikfisker,,,,,False,0,0,False,False,False,en,[],"[{'text': 'SPAQ', 'indices': [57, 62]}, {'text': 'FSR', 'indices': [63, 67]}]","[{'screen_name': 'henrikfisker', 'name': 'Henrik Fisker', 'id': 18484314, 'id_str': '18484314', 'indices': [0, 13]}]",[],"[{'id': 1315649978203738113, 'id_str': '1315649978203738113', 'indices': [68, 91], 'media_url': 'http://pbs.twimg.com/tweet_video_thumb/EkIgrz-VkAEMaBK.jpg', 'media_url_https': 'https://pbs.twimg.com/tweet_video_thumb/EkIgrz-VkAEMaBK.jpg', 'url': 'https://t.co/Hm7flYGf17', 'display_url': 'pic.twitter.com/Hm7flYGf17', 'expanded_url': 'https://twitter.com/JamesFM81/status/1315649992338542592/photo/1', 'type': 'photo', 'sizes': {'thumb': {'w': 150, 'h': 150, 'resize': 'crop'}, 'medium': {'w': 498, 'h': 280, 'resize': 'fit'}, 'small': {'w': 498, 'h': 280, 'resize': 'fit'}, 'large': {'w': 498, 'h': 280, 'resize': 'fit'}}}]","[{'id': 1315649978203738113, 'id_str': '1315649978203738113', 'indices': [68, 91], 'media_url': 'http://pbs.twimg.com/tweet_video_thumb/EkIgrz-VkAEMaBK.jpg', 'media_url_https': 'https://pbs.twimg.com/tweet_video_thumb/EkIgrz-VkAEMaBK.jpg', 'url': 'https://t.co/Hm7flYGf17', 'display_url': 'pic.twitter.com/Hm7flYGf17', 'expanded_url': 'https://twitter.com/JamesFM81/status/1315649992338542592/photo/1', 'type': 'animated_gif', 'sizes': {'thumb': {'w': 150, 'h': 150, 'resize': 'crop'}, 'medium': {'w': 498, 'h': 280, 'resize': 'fit'}, 'small': {'w': 498, 'h': 280, 'resize': 'fit'}, 'large': {'w': 498, 'h': 280, 'resize': 'fit'}}, 'video_info': {'aspect_ratio': [249, 140], 'variants': [{'bitrate': 0, 'content_type': 'video/mp4', 'url': 'https://video.twimg.com/tweet_video/EkIgrz-VkAEMaBK.mp4'}]}}]",en,recent,3051382436,3051382436,Sharts_Don't_Lie_üí©,JamesFM81,"Alberta, Canada","Passionate about poker, photography, fitness and investing. Blue collar worker in the Alberta oil patch.

‚ô†Ô∏è‚ô•Ô∏è‚ô£Ô∏è‚ô¶Ô∏è",,[],False,13,145,0,Sat Feb 28 23:37:14 +0000 2015,137,,,False,False,233,,False,False,False,C0DEED,http://abs.twimg.com/images/themes/theme1/bg.png,https://abs.twimg.com/images/themes/theme1/bg.png,False,http://pbs.twimg.com/profile_images/1293294791065657345/w7I3im-g_normal.jpg,https://pbs.twimg.com/profile_images/1293294791065657345/w7I3im-g_normal.jpg,https://pbs.twimg.com/profile_banners/3051382436/1597180481,1DA1F2,C0DEED,DDEEF6,333333,True,False,True,False,False,False,False,none,,,,,,,,,,,,,,,,,,,,,,,,,,,,,,,,,,,,,,,,,,,,,,,,,,,,,,,,,,,,,,,,,,,,,,,,,2020-10-12 13:46:16,2020-10-12 16:46:55,,,,,,,,,,,,,,,,,,,,,,,,,,,,,,,,,,,,,,,,,,,,,,,,,,,,,,,,,,,,,,,,,,,,,,,,,,,
2020-10-12 13:46:15+00:00,Mon Oct 12 13:46:15 +0000 2020,1315649986919567361,1315649986919567361,People really ought to stick to their day jobs rather than equating their gambling in the stock market to that of a‚Ä¶ https://t.co/l6fk8EV5vz,True,"<a href=""https://mobile.twitter.com"" rel=""nofollow"">Twitter Web App</a>",,,,,,,,,,False,0,2,False,False,,en,[],[],[],"[{'url': 'https://t.co/l6fk8EV5vz', 'expanded_url': 'https://twitter.com/i/web/status/1315649986919567361', 'display_url': 'twitter.com/i/web/status/1‚Ä¶', 'indices': [117, 140]}]",,,en,recent,1303500074572492803,1303500074572492803,$SPAQtotheMOON,spaqtothemoon,,CEO of SPAQQERS Nation‚Ñ¢ üöÄüöÄüöÄ $SPAQ,,[],False,1059,1900,3,Wed Sep 09 01:07:06 +0000 2020,2007,,,False,False,1464,,False,False,False,F5F8FA,,,False,http://pbs.twimg.com/profile_images/1312690040947044353/hhqGmfe9_normal.jpg,https://pbs.twimg.com/profile_images/1312690040947044353/hhqGmfe9_normal.jpg,https://pbs.twimg.com/profile_banners/1303500074572492803/1601804725,1DA1F2,C0DEED,DDEEF6,333333,True,True,True,False,False,False,False,none,,,,,,,,,,,,,,,,,,,,,,,,,,,,,,,,,,,,,,,,,,,,,,,,,,,,,,,,,,,,,,,,,,,,,,,,,2020-10-12 13:46:15,2020-10-12 16:46:55,,,,,,,,,,,,,,,,,,,,,,,,,,,,,,,,,,,,,,,,,,,,,,,,,,,,,,,,,,,,,,,,,,,,,,,,,,,
2020-10-12 13:45:53+00:00,Mon Oct 12 13:45:53 +0000 2020,1315649894627995649,1315649894627995649,"Just seeing that lawsuit tweet. Smh..
 $SPAQ that's the type of tweet I don't like to see . Not the way to start my Monday",False,"<a href=""http://twitter.com/download/android"" rel=""nofollow"">Twitter for Android</a>",,,,,,,,,,False,0,3,False,False,,en,[],"[{'text': 'SPAQ', 'indices': [39, 44]}]",[],[],,,en,recent,1286526702487662592,1286526702487662592,3 Green Candles,3_Green_CandIes,,"TRILLionaire. 
Day/Swing trader. 
Do Your DD Before Buying, 
PLEASE!",,[],False,1721,41,33,Fri Jul 24 05:00:58 +0000 2020,1496,,,False,False,994,,False,False,False,F5F8FA,,,False,http://pbs.twimg.com/profile_images/1307528644588257280/4JT-B4S7_normal.jpg,https://pbs.twimg.com/profile_images/1307528644588257280/4JT-B4S7_normal.jpg,https://pbs.twimg.com/profile_banners/1286526702487662592/1600574219,1DA1F2,C0DEED,DDEEF6,333333,True,False,True,False,False,False,False,none,,,,,,,,,,,,,,,,,,,,,,,,,,,,,,,,,,,,,,,,,,,,,,,,,,,,,,,,,,,,,,,,,,,,,,,,,2020-10-12 13:45:53,2020-10-12 16:46:55,,,,,,,,,,,,,,,,,,,,,,,,,,,,,,,,,,,,,,,,,,,,,,,,,,,,,,,,,,,,,,,,,,,,,,,,,,,
2020-10-12 13:45:51+00:00,Mon Oct 12 13:45:51 +0000 2020,1315649888370282497,1315649888370282497,The real criminals here are @jimcramer &amp; @stoolpresidente not your insider employee...you let them pump and dump‚Ä¶ https://t.co/6z7APkZUlz,True,"<a href=""http://twitter.com/download/iphone"" rel=""nofollow"">Twitter for iPhone</a>",,,,,,,,,,False,0,1,False,False,False,en,[],[],"[{'screen_name': 'jimcramer', 'name': 'Jim Cramer', 'id': 14216123, 'id_str': '14216123', 'indices': [28, 38]}, {'screen_name': 'stoolpresidente', 'name': 'Dave Portnoy', 'id': 43775786, 'id_str': '43775786', 'indices': [45, 61]}]","[{'url': 'https://t.co/6z7APkZUlz', 'expanded_url': 'https://twitter.com/i/web/status/1315649888370282497', 'display_url': 'twitter.com/i/web/status/1‚Ä¶', 'indices': [118, 141]}]",,,en,recent,19928803,19928803,i.am.jason.lee,1amjasonlee,"Maryland, USA","People lie, numbers don‚Äôt...üò§",,[],False,711,51,82,Mon Feb 02 20:23:43 +0000 2009,1887,,,True,False,855,,False,False,False,000000,http://abs.twimg.com/images/themes/theme14/bg.gif,https://abs.twimg.com/images/themes/theme14/bg.gif,False,http://pbs.twimg.com/profile_images/1294737733160755202/b_mp4M-t_normal.jpg,https://pbs.twimg.com/profile_images/1294737733160755202/b_mp4M-t_normal.jpg,https://pbs.twimg.com/profile_banners/19928803/1597204710,ABB8C2,000000,000000,000000,False,False,False,False,False,False,False,none,,,,,,,,,,,,,,,,,,,,,,,,,,,,,,,,,,,,,,,,,,,,,,,,,,,,,,,,,,,,,,,,,,,,,,,,,2020-10-12 13:45:51,2020-10-12 16:46:55,,,,,,,,,,,,,,,,,,,,,,,,,,,,,,,,,,,,,,,,,,,,,,,,,,,,,,,,,,,,,,,,,,,,,,,,,,,
2020-10-12 13:45:41+00:00,Mon Oct 12 13:45:41 +0000 2020,1315649847865810944,1315649847865810944,"RT @CurationMostly: How it Started.              How its Going.
              $HTZ  $NKLA $SPAQ 
                         #Fintwit https://‚Ä¶",False,"<a href=""http://twitter.com/download/iphone"" rel=""nofollow"">Twitter for iPhone</a>",,,,,,,,,,False,1,0,False,False,,en,"[{'text': 'Fintwit', 'indices': [122, 130]}]","[{'text': 'HTZ', 'indices': [78, 82]}, {'text': 'NKLA', 'indices': [84, 89]}, {'text': 'SPAQ', 'indices': [90, 95]}]","[{'screen_name': 'CurationMostly', 'name': 'Curation Mostly ‚ú® ‚Çø üêá üï≥ üìà üè∞', 'id': 917968607719690242, 'id_str': '917968607719690242', 'indices': [3, 18]}]",[],,,en,recent,917968607719690242,917968607719690242,Curation Mostly ‚ú® ‚Çø üêá üï≥ üìà üè∞,CurationMostly,"New York, USA",Curation Mostly: Splashes of Insight into Creativity / Culture / Self-Improvement / Health / Science / Technology / Investing / Humor / Sports üìöüìùüó∫ #Bitcoin,,[],False,532,4999,8,Wed Oct 11 04:22:25 +0000 2017,16596,,,True,False,14673,,False,False,False,000000,http://abs.twimg.com/images/themes/theme1/bg.png,https://abs.twimg.com/images/themes/theme1/bg.png,False,http://pbs.twimg.com/profile_images/1288272897849593856/zCMzvxus_normal.jpg,https://pbs.twimg.com/profile_images/1288272897849593856/zCMzvxus_normal.jpg,https://pbs.twimg.com/profile_banners/917968607719690242/1595986031,1B95E0,000000,000000,000000,False,True,False,False,False,False,False,none,Sun Oct 11 19:12:19 +0000 2020,1.3153696574240604e+18,1315369657424060416,"How it Started.              How its Going.
              $HTZ  $NKLA $SPAQ 
                         #Fintwit https://t.co/09pghHAkLs",False,"[{'text': 'Fintwit', 'indices': [102, 110]}]","[{'text': 'HTZ', 'indices': [58, 62]}, {'text': 'NKLA', 'indices': [64, 69]}, {'text': 'SPAQ', 'indices': [70, 75]}]",[],[],"[{'id': 1315369637803175937, 'id_str': '1315369637803175937', 'indices': [111, 134], 'media_url': 'http://pbs.twimg.com/media/EkEht2mXsAE63nW.jpg', 'media_url_https': 'https://pbs.twimg.com/media/EkEht2mXsAE63nW.jpg', 'url': 'https://t.co/09pghHAkLs', 'display_url': 'pic.twitter.com/09pghHAkLs', 'expanded_url': 'https://twitter.com/CurationMostly/status/1315369657424060416/photo/1', 'type': 'photo', 'sizes': {'thumb': {'w': 150, 'h': 150, 'resize': 'crop'}, 'large': {'w': 1125, 'h': 1125, 'resize': 'fit'}, 'medium': {'w': 1125, 'h': 1125, 'resize': 'fit'}, 'small': {'w': 680, 'h': 680, 'resize': 'fit'}}}]","[{'id': 1315369637803175937, 'id_str': '1315369637803175937', 'indices': [111, 134], 'media_url': 'http://pbs.twimg.com/media/EkEht2mXsAE63nW.jpg', 'media_url_https': 'https://pbs.twimg.com/media/EkEht2mXsAE63nW.jpg', 'url': 'https://t.co/09pghHAkLs', 'display_url': 'pic.twitter.com/09pghHAkLs', 'expanded_url': 'https://twitter.com/CurationMostly/status/1315369657424060416/photo/1', 'type': 'photo', 'sizes': {'thumb': {'w': 150, 'h': 150, 'resize': 'crop'}, 'large': {'w': 1125, 'h': 1125, 'resize': 'fit'}, 'medium': {'w': 1125, 'h': 1125, 'resize': 'fit'}, 'small': {'w': 680, 'h': 680, 'resize': 'fit'}}}, {'id': 1315369637803184128, 'id_str': '1315369637803184128', 'indices': [111, 134], 'media_url': 'http://pbs.twimg.com/media/EkEht2mX0AARtoS.jpg', 'media_url_https': 'https://pbs.twimg.com/media/EkEht2mX0AARtoS.jpg', 'url': 'https://t.co/09pghHAkLs', 'display_url': 'pic.twitter.com/09pghHAkLs', 'expanded_url': 'https://twitter.com/CurationMostly/status/1315369657424060416/photo/1', 'type': 'photo', 'sizes': {'thumb': {'w': 150, 'h': 150, 'resize': 'crop'}, 'large': {'w': 1125, 'h': 882, 'resize': 'fit'}, 'small': {'w': 680, 'h': 533, 'resize': 'fit'}, 'medium': {'w': 1125, 'h': 882, 'resize': 'fit'}}}]",en,recent,"<a href=""http://twitter.com/download/iphone"" rel=""nofollow"">Twitter for iPhone</a>",,,,,,9.179686077196902e+17,917968607719690242,Curation Mostly ‚ú® ‚Çø üêá üï≥ üìà üè∞,CurationMostly,"New York, USA",Curation Mostly: Splashes of Insight into Creativity / Culture / Self-Improvement / Health / Science / Technology / Investing / Humor / Sports üìöüìùüó∫ #Bitcoin,,[],False,532.0,4999.0,8.0,Wed Oct 11 04:22:25 +0000 2017,16596.0,,,True,False,14673.0,,False,False,False,000000,http://abs.twimg.com/images/themes/theme1/bg.png,https://abs.twimg.com/images/themes/theme1/bg.png,False,http://pbs.twimg.com/profile_images/1288272897849593856/zCMzvxus_normal.jpg,https://pbs.twimg.com/profile_images/1288272897849593856/zCMzvxus_normal.jpg,https://pbs.twimg.com/profile_banners/917968607719690242/1595986031,1B95E0,000000,000000,000000,False,True,False,False,False,False,False,none,,,,,False,1.0,0.0,False,False,False,en,2020-10-12 13:45:41,2020-10-12 16:46:55,,,,,,,,,,,,,,,,,,,,,,,,,,,,,,,,,,,,,,,,,,,,,,,,,,,,,,,,,,,,,,,,,,,,,,,,,,,
